,CityId,InvitorCityId,NumOutInvs,norm,InvitationProb
0,379,380,17,35,0.4857142857142857
1,381,380,4,35,0.11428571428571428
2,382,380,1,35,0.02857142857142857
3,385,380,1,35,0.02857142857142857
4,394,380,1,35,0.02857142857142857
5,1702,380,1,35,0.02857142857142857
6,1942,380,1,35,0.02857142857142857
7,4744,380,1,35,0.02857142857142857
8,6747,380,1,35,0.02857142857142857
9,7343,380,1,35,0.02857142857142857
10,11543,380,3,35,0.08571428571428572
11,14760,380,1,35,0.02857142857142857
12,66759,380,1,35,0.02857142857142857
13,69809,380,1,35,0.02857142857142857
14,379,381,13,21,0.6190476190476191
15,382,381,2,21,0.09523809523809523
16,384,381,1,21,0.047619047619047616
17,396,381,1,21,0.047619047619047616
18,5743,381,1,21,0.047619047619047616
19,17157,381,1,21,0.047619047619047616
20,19142,381,1,21,0.047619047619047616
21,22947,381,1,21,0.047619047619047616
22,379,382,39,82,0.47560975609756095
23,380,382,2,82,0.024390243902439025
24,381,382,4,82,0.04878048780487805
25,383,382,2,82,0.024390243902439025
26,384,382,1,82,0.012195121951219513
27,385,382,1,82,0.012195121951219513
28,386,382,2,82,0.024390243902439025
29,388,382,1,82,0.012195121951219513
30,389,382,1,82,0.012195121951219513
31,392,382,1,82,0.012195121951219513
32,399,382,1,82,0.012195121951219513
33,1682,382,1,82,0.012195121951219513
34,1762,382,1,82,0.012195121951219513
35,1882,382,2,82,0.024390243902439025
36,2002,382,2,82,0.024390243902439025
37,2023,382,1,82,0.012195121951219513
38,2063,382,1,82,0.012195121951219513
39,2083,382,1,82,0.012195121951219513
40,2743,382,1,82,0.012195121951219513
41,3143,382,1,82,0.012195121951219513
42,3742,382,1,82,0.012195121951219513
43,3942,382,1,82,0.012195121951219513
44,3945,382,1,82,0.012195121951219513
45,4544,382,1,82,0.012195121951219513
46,5742,382,1,82,0.012195121951219513
47,6543,382,1,82,0.012195121951219513
48,8144,382,1,82,0.012195121951219513
49,12342,382,1,82,0.012195121951219513
50,13745,382,1,82,0.012195121951219513
51,15343,382,1,82,0.012195121951219513
52,21346,382,1,82,0.012195121951219513
53,30553,382,1,82,0.012195121951219513
54,62159,382,1,82,0.012195121951219513
55,69785,382,1,82,0.012195121951219513
56,85361,382,1,82,0.012195121951219513
57,87162,382,1,82,0.012195121951219513
58,379,383,32,66,0.48484848484848486
59,380,383,1,66,0.015151515151515152
60,382,383,3,66,0.045454545454545456
61,384,383,2,66,0.030303030303030304
62,385,383,1,66,0.015151515151515152
63,387,383,4,66,0.06060606060606061
64,388,383,1,66,0.015151515151515152
65,396,383,1,66,0.015151515151515152
66,397,383,1,66,0.015151515151515152
67,1842,383,1,66,0.015151515151515152
68,1862,383,1,66,0.015151515151515152
69,1962,383,3,66,0.045454545454545456
70,2083,383,2,66,0.030303030303030304
71,2102,383,1,66,0.015151515151515152
72,2743,383,1,66,0.015151515151515152
73,2942,383,1,66,0.015151515151515152
74,6144,383,1,66,0.015151515151515152
75,6942,383,1,66,0.015151515151515152
76,8543,383,2,66,0.030303030303030304
77,10944,383,1,66,0.015151515151515152
78,13743,383,1,66,0.015151515151515152
79,33956,383,1,66,0.015151515151515152
80,69960,383,1,66,0.015151515151515152
81,71176,383,1,66,0.015151515151515152
82,107964,383,1,66,0.015151515151515152
83,379,384,22,55,0.4
84,381,384,1,55,0.01818181818181818
85,382,384,1,55,0.01818181818181818
86,383,384,2,55,0.03636363636363636
87,386,384,1,55,0.01818181818181818
88,387,384,1,55,0.01818181818181818
89,388,384,1,55,0.01818181818181818
90,390,384,1,55,0.01818181818181818
91,394,384,1,55,0.01818181818181818
92,397,384,1,55,0.01818181818181818
93,398,384,1,55,0.01818181818181818
94,1702,384,1,55,0.01818181818181818
95,1742,384,1,55,0.01818181818181818
96,1922,384,1,55,0.01818181818181818
97,2084,384,1,55,0.01818181818181818
98,2105,384,1,55,0.01818181818181818
99,2142,384,1,55,0.01818181818181818
100,2343,384,4,55,0.07272727272727272
101,5342,384,1,55,0.01818181818181818
102,6942,384,2,55,0.03636363636363636
103,8143,384,1,55,0.01818181818181818
104,9952,384,1,55,0.01818181818181818
105,10344,384,1,55,0.01818181818181818
106,11742,384,1,55,0.01818181818181818
107,12742,384,1,55,0.01818181818181818
108,19948,384,1,55,0.01818181818181818
109,20544,384,1,55,0.01818181818181818
110,23951,384,1,55,0.01818181818181818
111,87363,384,1,55,0.01818181818181818
112,379,385,14,25,0.56
113,380,385,4,25,0.16
114,381,385,1,25,0.04
115,5343,385,1,25,0.04
116,12744,385,1,25,0.04
117,15944,385,1,25,0.04
118,28551,385,1,25,0.04
119,32954,385,1,25,0.04
120,66758,385,1,25,0.04
121,379,386,18,42,0.42857142857142855
122,382,386,4,42,0.09523809523809523
123,385,386,1,42,0.023809523809523808
124,388,386,1,42,0.023809523809523808
125,1782,386,1,42,0.023809523809523808
126,1802,386,1,42,0.023809523809523808
127,3945,386,1,42,0.023809523809523808
128,5145,386,2,42,0.047619047619047616
129,5343,386,2,42,0.047619047619047616
130,9949,386,5,42,0.11904761904761904
131,10345,386,1,42,0.023809523809523808
132,12343,386,1,42,0.023809523809523808
133,13942,386,1,42,0.023809523809523808
134,16752,386,1,42,0.023809523809523808
135,37556,386,1,42,0.023809523809523808
136,46756,386,1,42,0.023809523809523808
137,379,387,24,31,0.7741935483870968
138,383,387,1,31,0.03225806451612903
139,397,387,1,31,0.03225806451612903
140,3542,387,1,31,0.03225806451612903
141,14145,387,1,31,0.03225806451612903
142,19748,387,1,31,0.03225806451612903
143,19947,387,1,31,0.03225806451612903
144,28551,387,1,31,0.03225806451612903
145,379,388,22,45,0.4888888888888889
146,382,388,2,45,0.044444444444444446
147,383,388,1,45,0.022222222222222223
148,384,388,2,45,0.044444444444444446
149,394,388,2,45,0.044444444444444446
150,397,388,1,45,0.022222222222222223
151,399,388,1,45,0.022222222222222223
152,1742,388,1,45,0.022222222222222223
153,1842,388,1,45,0.022222222222222223
154,1882,388,1,45,0.022222222222222223
155,2144,388,1,45,0.022222222222222223
156,2342,388,1,45,0.022222222222222223
157,3342,388,1,45,0.022222222222222223
158,5542,388,1,45,0.022222222222222223
159,8543,388,1,45,0.022222222222222223
160,9951,388,2,45,0.044444444444444446
161,31353,388,1,45,0.022222222222222223
162,64560,388,1,45,0.022222222222222223
163,69387,388,1,45,0.022222222222222223
164,117966,388,1,45,0.022222222222222223
165,379,389,5,10,0.5
166,382,389,1,10,0.1
167,21342,389,1,10,0.1
168,36156,389,1,10,0.1
169,72761,389,1,10,0.1
170,76371,389,1,10,0.1
171,379,390,12,24,0.5
172,380,390,1,24,0.041666666666666664
173,384,390,1,24,0.041666666666666664
174,1982,390,1,24,0.041666666666666664
175,5144,390,1,24,0.041666666666666664
176,6146,390,1,24,0.041666666666666664
177,9542,390,1,24,0.041666666666666664
178,23151,390,1,24,0.041666666666666664
179,27953,390,1,24,0.041666666666666664
180,31151,390,1,24,0.041666666666666664
181,31555,390,1,24,0.041666666666666664
182,40356,390,1,24,0.041666666666666664
183,63359,390,1,24,0.041666666666666664
184,379,391,14,29,0.4827586206896552
185,381,391,1,29,0.034482758620689655
186,383,391,5,29,0.1724137931034483
187,384,391,1,29,0.034482758620689655
188,387,391,2,29,0.06896551724137931
189,394,391,1,29,0.034482758620689655
190,1862,391,1,29,0.034482758620689655
191,2084,391,1,29,0.034482758620689655
192,3142,391,1,29,0.034482758620689655
193,69775,391,1,29,0.034482758620689655
194,86168,391,1,29,0.034482758620689655
195,379,392,9,17,0.5294117647058824
196,382,392,2,17,0.11764705882352941
197,383,392,1,17,0.058823529411764705
198,386,392,1,17,0.058823529411764705
199,387,392,1,17,0.058823529411764705
200,1762,392,1,17,0.058823529411764705
201,2343,392,1,17,0.058823529411764705
202,45962,392,1,17,0.058823529411764705
203,379,393,9,20,0.45
204,387,393,1,20,0.05
205,391,393,1,20,0.05
206,394,393,1,20,0.05
207,1882,393,1,20,0.05
208,1982,393,1,20,0.05
209,2944,393,1,20,0.05
210,8945,393,1,20,0.05
211,9943,393,1,20,0.05
212,11345,393,1,20,0.05
213,32955,393,1,20,0.05
214,77963,393,1,20,0.05
215,379,394,11,23,0.4782608695652174
216,384,394,2,23,0.08695652173913043
217,397,394,1,23,0.043478260869565216
218,2083,394,1,23,0.043478260869565216
219,2944,394,1,23,0.043478260869565216
220,4742,394,1,23,0.043478260869565216
221,9951,394,1,23,0.043478260869565216
222,12546,394,1,23,0.043478260869565216
223,13744,394,1,23,0.043478260869565216
224,14342,394,1,23,0.043478260869565216
225,31151,394,1,23,0.043478260869565216
226,70959,394,1,23,0.043478260869565216
227,379,395,30,45,0.6666666666666666
228,380,395,1,45,0.022222222222222223
229,382,395,1,45,0.022222222222222223
230,386,395,1,45,0.022222222222222223
231,399,395,2,45,0.044444444444444446
232,1682,395,1,45,0.022222222222222223
233,1742,395,1,45,0.022222222222222223
234,1762,395,1,45,0.022222222222222223
235,1942,395,1,45,0.022222222222222223
236,1962,395,1,45,0.022222222222222223
237,2022,395,1,45,0.022222222222222223
238,2042,395,1,45,0.022222222222222223
239,2062,395,1,45,0.022222222222222223
240,5142,395,1,45,0.022222222222222223
241,15342,395,1,45,0.022222222222222223
242,379,396,22,32,0.6875
243,385,396,1,32,0.03125
244,1722,396,2,32,0.0625
245,2942,396,1,32,0.03125
246,5345,396,1,32,0.03125
247,10542,396,1,32,0.03125
248,11542,396,1,32,0.03125
249,40756,396,1,32,0.03125
250,71162,396,1,32,0.03125
251,76188,396,1,32,0.03125
252,379,397,16,26,0.6153846153846154
253,384,397,1,26,0.038461538461538464
254,1902,397,1,26,0.038461538461538464
255,2104,397,1,26,0.038461538461538464
256,2342,397,1,26,0.038461538461538464
257,16746,397,1,26,0.038461538461538464
258,22746,397,1,26,0.038461538461538464
259,23753,397,1,26,0.038461538461538464
260,70203,397,1,26,0.038461538461538464
261,74964,397,1,26,0.038461538461538464
262,74966,397,1,26,0.038461538461538464
263,379,398,5,16,0.3125
264,382,398,1,16,0.0625
265,383,398,1,16,0.0625
266,387,398,1,16,0.0625
267,9342,398,1,16,0.0625
268,12549,398,1,16,0.0625
269,16355,398,1,16,0.0625
270,16548,398,1,16,0.0625
271,16551,398,2,16,0.125
272,24553,398,1,16,0.0625
273,36559,398,1,16,0.0625
274,379,399,1,5,0.2
275,383,399,1,5,0.2
276,393,399,1,5,0.2
277,397,399,1,5,0.2
278,12548,399,1,5,0.2
279,379,1682,30,43,0.6976744186046512
280,380,1682,1,43,0.023255813953488372
281,387,1682,1,43,0.023255813953488372
282,390,1682,1,43,0.023255813953488372
283,1782,1682,1,43,0.023255813953488372
284,1802,1682,1,43,0.023255813953488372
285,2105,1682,1,43,0.023255813953488372
286,9143,1682,1,43,0.023255813953488372
287,9144,1682,1,43,0.023255813953488372
288,9542,1682,1,43,0.023255813953488372
289,9950,1682,1,43,0.023255813953488372
290,9952,1682,1,43,0.023255813953488372
291,10142,1682,1,43,0.023255813953488372
292,11143,1682,1,43,0.023255813953488372
293,379,1702,5,13,0.38461538461538464
294,396,1702,1,13,0.07692307692307693
295,1882,1702,1,13,0.07692307692307693
296,1902,1702,1,13,0.07692307692307693
297,4144,1702,1,13,0.07692307692307693
298,4743,1702,1,13,0.07692307692307693
299,5342,1702,1,13,0.07692307692307693
300,10344,1702,1,13,0.07692307692307693
301,70187,1702,1,13,0.07692307692307693
302,379,1722,27,47,0.574468085106383
303,387,1722,1,47,0.02127659574468085
304,395,1722,1,47,0.02127659574468085
305,399,1722,1,47,0.02127659574468085
306,1762,1722,1,47,0.02127659574468085
307,1802,1722,2,47,0.0425531914893617
308,1842,1722,1,47,0.02127659574468085
309,1882,1722,1,47,0.02127659574468085
310,1902,1722,1,47,0.02127659574468085
311,2146,1722,1,47,0.02127659574468085
312,2342,1722,1,47,0.02127659574468085
313,3943,1722,1,47,0.02127659574468085
314,5743,1722,3,47,0.06382978723404255
315,6143,1722,1,47,0.02127659574468085
316,7542,1722,1,47,0.02127659574468085
317,9952,1722,1,47,0.02127659574468085
318,12543,1722,1,47,0.02127659574468085
319,31353,1722,1,47,0.02127659574468085
320,379,1742,14,29,0.4827586206896552
321,1882,1742,2,29,0.06896551724137931
322,2022,1742,1,29,0.034482758620689655
323,3742,1742,1,29,0.034482758620689655
324,9946,1742,1,29,0.034482758620689655
325,10942,1742,1,29,0.034482758620689655
326,11142,1742,1,29,0.034482758620689655
327,14344,1742,1,29,0.034482758620689655
328,14751,1742,1,29,0.034482758620689655
329,15143,1742,1,29,0.034482758620689655
330,16945,1742,1,29,0.034482758620689655
331,21542,1742,1,29,0.034482758620689655
332,29955,1742,1,29,0.034482758620689655
333,57358,1742,1,29,0.034482758620689655
334,74563,1742,1,29,0.034482758620689655
335,379,1762,43,57,0.7543859649122807
336,380,1762,1,57,0.017543859649122806
337,383,1762,2,57,0.03508771929824561
338,384,1762,1,57,0.017543859649122806
339,388,1762,2,57,0.03508771929824561
340,1722,1762,1,57,0.017543859649122806
341,2062,1762,1,57,0.017543859649122806
342,2082,1762,1,57,0.017543859649122806
343,2102,1762,1,57,0.017543859649122806
344,6144,1762,1,57,0.017543859649122806
345,6742,1762,1,57,0.017543859649122806
346,9942,1762,1,57,0.017543859649122806
347,46557,1762,1,57,0.017543859649122806
348,379,1782,18,37,0.4864864864864865
349,384,1782,3,37,0.08108108108108109
350,387,1782,2,37,0.05405405405405406
351,389,1782,1,37,0.02702702702702703
352,1862,1782,1,37,0.02702702702702703
353,3742,1782,1,37,0.02702702702702703
354,4544,1782,1,37,0.02702702702702703
355,6942,1782,1,37,0.02702702702702703
356,14145,1782,1,37,0.02702702702702703
357,14754,1782,1,37,0.02702702702702703
358,15145,1782,1,37,0.02702702702702703
359,16945,1782,1,37,0.02702702702702703
360,26551,1782,1,37,0.02702702702702703
361,31553,1782,1,37,0.02702702702702703
362,50558,1782,1,37,0.02702702702702703
363,52758,1782,1,37,0.02702702702702703
364,72187,1782,1,37,0.02702702702702703
365,379,1802,11,14,0.7857142857142857
366,384,1802,1,14,0.07142857142857142
367,2942,1802,1,14,0.07142857142857142
368,12343,1802,1,14,0.07142857142857142
369,379,1822,1,7,0.14285714285714285
370,384,1822,1,7,0.14285714285714285
371,392,1822,1,7,0.14285714285714285
372,1742,1822,2,7,0.2857142857142857
373,16556,1822,1,7,0.14285714285714285
374,19749,1822,1,7,0.14285714285714285
375,379,1862,3,7,0.42857142857142855
376,1782,1862,1,7,0.14285714285714285
377,1882,1862,1,7,0.14285714285714285
378,2105,1862,1,7,0.14285714285714285
379,2147,1862,1,7,0.14285714285714285
380,379,1882,32,52,0.6153846153846154
381,380,1882,1,52,0.019230769230769232
382,382,1882,1,52,0.019230769230769232
383,384,1882,1,52,0.019230769230769232
384,385,1882,1,52,0.019230769230769232
385,386,1882,1,52,0.019230769230769232
386,395,1882,1,52,0.019230769230769232
387,398,1882,1,52,0.019230769230769232
388,1742,1882,1,52,0.019230769230769232
389,1762,1882,1,52,0.019230769230769232
390,1922,1882,1,52,0.019230769230769232
391,2022,1882,2,52,0.038461538461538464
392,2105,1882,2,52,0.038461538461538464
393,4544,1882,1,52,0.019230769230769232
394,6743,1882,1,52,0.019230769230769232
395,6744,1882,1,52,0.019230769230769232
396,7144,1882,1,52,0.019230769230769232
397,10944,1882,1,52,0.019230769230769232
398,20543,1882,1,52,0.019230769230769232
399,379,1902,27,39,0.6923076923076923
400,380,1902,1,39,0.02564102564102564
401,383,1902,2,39,0.05128205128205128
402,384,1902,1,39,0.02564102564102564
403,386,1902,1,39,0.02564102564102564
404,5743,1902,1,39,0.02564102564102564
405,8743,1902,2,39,0.05128205128205128
406,9145,1902,1,39,0.02564102564102564
407,16749,1902,1,39,0.02564102564102564
408,16946,1902,1,39,0.02564102564102564
409,56958,1902,1,39,0.02564102564102564
410,379,1922,4,9,0.4444444444444444
411,1762,1922,1,9,0.1111111111111111
412,1782,1922,1,9,0.1111111111111111
413,2142,1922,1,9,0.1111111111111111
414,2147,1922,1,9,0.1111111111111111
415,52758,1922,1,9,0.1111111111111111
416,379,1942,10,12,0.8333333333333334
417,9954,1942,1,12,0.08333333333333333
418,67758,1942,1,12,0.08333333333333333
419,379,1962,8,8,1.0
420,379,1982,3,5,0.6
421,4942,1982,1,5,0.2
422,30555,1982,1,5,0.2
423,379,2002,6,9,0.6666666666666666
424,382,2002,1,9,0.1111111111111111
425,45756,2002,1,9,0.1111111111111111
426,73959,2002,1,9,0.1111111111111111
427,379,2003,7,14,0.5
428,385,2003,1,14,0.07142857142857142
429,396,2003,1,14,0.07142857142857142
430,1882,2003,1,14,0.07142857142857142
431,1982,2003,1,14,0.07142857142857142
432,4144,2003,1,14,0.07142857142857142
433,11146,2003,1,14,0.07142857142857142
434,11348,2003,1,14,0.07142857142857142
435,379,2022,9,15,0.6
436,383,2022,1,15,0.06666666666666667
437,384,2022,1,15,0.06666666666666667
438,398,2022,1,15,0.06666666666666667
439,1882,2022,3,15,0.2
440,379,2023,1,2,0.5
441,392,2023,1,2,0.5
442,379,2042,18,31,0.5806451612903226
443,383,2042,1,31,0.03225806451612903
444,387,2042,2,31,0.06451612903225806
445,395,2042,2,31,0.06451612903225806
446,1762,2042,3,31,0.0967741935483871
447,2343,2042,1,31,0.03225806451612903
448,4342,2042,1,31,0.03225806451612903
449,14751,2042,2,31,0.06451612903225806
450,15143,2042,1,31,0.03225806451612903
451,379,2062,8,16,0.5
452,380,2062,1,16,0.0625
453,382,2062,1,16,0.0625
454,386,2062,1,16,0.0625
455,5942,2062,1,16,0.0625
456,6142,2062,2,16,0.125
457,36756,2062,1,16,0.0625
458,69803,2062,1,16,0.0625
459,379,2063,6,12,0.5
460,380,2063,1,12,0.08333333333333333
461,382,2063,1,12,0.08333333333333333
462,384,2063,1,12,0.08333333333333333
463,399,2063,2,12,0.16666666666666666
464,71362,2063,1,12,0.08333333333333333
465,379,2082,4,7,0.5714285714285714
466,395,2082,1,7,0.14285714285714285
467,1882,2082,1,7,0.14285714285714285
468,2105,2082,1,7,0.14285714285714285
469,379,2083,3,10,0.3
470,387,2083,1,10,0.1
471,391,2083,1,10,0.1
472,1862,2083,1,10,0.1
473,2063,2083,1,10,0.1
474,2084,2083,1,10,0.1
475,5344,2083,1,10,0.1
476,19142,2083,1,10,0.1
477,379,2084,2,10,0.2
478,391,2084,1,10,0.1
479,2743,2084,1,10,0.1
480,9145,2084,1,10,0.1
481,15943,2084,1,10,0.1
482,28351,2084,1,10,0.1
483,44356,2084,1,10,0.1
484,69359,2084,1,10,0.1
485,72959,2084,1,10,0.1
486,379,2102,1,3,0.3333333333333333
487,7145,2102,1,3,0.3333333333333333
488,23554,2102,1,3,0.3333333333333333
489,379,2103,3,5,0.6
490,4142,2103,1,5,0.2
491,69831,2103,1,5,0.2
492,379,2105,12,18,0.6666666666666666
493,388,2105,1,18,0.05555555555555555
494,1722,2105,1,18,0.05555555555555555
495,1982,2105,1,18,0.05555555555555555
496,8743,2105,1,18,0.05555555555555555
497,17342,2105,1,18,0.05555555555555555
498,59358,2105,1,18,0.05555555555555555
499,379,2142,10,16,0.625
500,380,2142,1,16,0.0625
501,384,2142,1,16,0.0625
502,23754,2142,1,16,0.0625
503,27751,2142,1,16,0.0625
504,72175,2142,1,16,0.0625
505,95564,2142,1,16,0.0625
506,379,2143,1,2,0.5
507,386,2143,1,2,0.5
508,379,2145,2,4,0.5
509,381,2145,2,4,0.5
510,379,2146,8,13,0.6153846153846154
511,1902,2146,1,13,0.07692307692307693
512,2342,2146,1,13,0.07692307692307693
513,2744,2146,1,13,0.07692307692307693
514,10944,2146,1,13,0.07692307692307693
515,17342,2146,1,13,0.07692307692307693
516,379,2147,5,14,0.35714285714285715
517,382,2147,2,14,0.14285714285714285
518,394,2147,1,14,0.07142857142857142
519,396,2147,1,14,0.07142857142857142
520,398,2147,1,14,0.07142857142857142
521,1862,2147,1,14,0.07142857142857142
522,9546,2147,2,14,0.14285714285714285
523,16750,2147,1,14,0.07142857142857142
524,379,2342,4,11,0.36363636363636365
525,380,2342,1,11,0.09090909090909091
526,383,2342,1,11,0.09090909090909091
527,384,2342,1,11,0.09090909090909091
528,387,2342,1,11,0.09090909090909091
529,399,2342,1,11,0.09090909090909091
530,2146,2342,1,11,0.09090909090909091
531,71189,2342,1,11,0.09090909090909091
532,379,2744,20,22,0.9090909090909091
533,1902,2744,1,22,0.045454545454545456
534,1942,2744,1,22,0.045454545454545456
535,379,2942,12,15,0.8
536,394,2942,1,15,0.06666666666666667
537,3342,2942,1,15,0.06666666666666667
538,19345,2942,1,15,0.06666666666666667
539,379,2943,9,10,0.9
540,17342,2943,1,10,0.1
541,379,3143,2,9,0.2222222222222222
542,382,3143,3,9,0.3333333333333333
543,386,3143,1,9,0.1111111111111111
544,396,3143,1,9,0.1111111111111111
545,40157,3143,1,9,0.1111111111111111
546,69786,3143,1,9,0.1111111111111111
547,379,3342,3,8,0.375
548,382,3342,1,8,0.125
549,383,3342,1,8,0.125
550,388,3342,1,8,0.125
551,80762,3342,1,8,0.125
552,119563,3342,1,8,0.125
553,379,3542,2,5,0.4
554,384,3542,1,5,0.2
555,387,3542,2,5,0.4
556,379,3543,2,2,1.0
557,379,3742,7,16,0.4375
558,390,3742,1,16,0.0625
559,2943,3742,2,16,0.125
560,2944,3742,1,16,0.0625
561,5144,3742,1,16,0.0625
562,7743,3742,1,16,0.0625
563,9144,3742,1,16,0.0625
564,9953,3742,1,16,0.0625
565,19547,3742,1,16,0.0625
566,379,3942,2,4,0.5
567,382,3942,2,4,0.5
568,379,3943,16,25,0.64
569,386,3943,1,25,0.04
570,387,3943,2,25,0.08
571,395,3943,1,25,0.04
572,398,3943,1,25,0.04
573,1762,3943,2,25,0.08
574,2042,3943,1,25,0.04
575,9954,3943,1,25,0.04
576,379,3944,1,1,1.0
577,379,4143,6,7,0.8571428571428571
578,2103,4143,1,7,0.14285714285714285
579,379,4144,6,9,0.6666666666666666
580,391,4144,1,9,0.1111111111111111
581,1702,4144,1,9,0.1111111111111111
582,85787,4144,1,9,0.1111111111111111
583,379,4342,3,6,0.5
584,9950,4342,1,6,0.16666666666666666
585,15544,4342,1,6,0.16666666666666666
586,31152,4342,1,6,0.16666666666666666
587,379,4543,7,13,0.5384615384615384
588,384,4543,1,13,0.07692307692307693
589,8542,4543,2,13,0.15384615384615385
590,16353,4543,1,13,0.07692307692307693
591,17142,4543,1,13,0.07692307692307693
592,19948,4543,1,13,0.07692307692307693
593,379,4544,7,8,0.875
594,11348,4544,1,8,0.125
595,379,4742,2,3,0.6666666666666666
596,2023,4742,1,3,0.3333333333333333
597,379,4942,1,2,0.5
598,8544,4942,1,2,0.5
599,379,5142,5,15,0.3333333333333333
600,381,5142,1,15,0.06666666666666667
601,389,5142,1,15,0.06666666666666667
602,1762,5142,1,15,0.06666666666666667
603,1922,5142,2,15,0.13333333333333333
604,2063,5142,1,15,0.06666666666666667
605,8344,5142,1,15,0.06666666666666667
606,10745,5142,1,15,0.06666666666666667
607,13743,5142,1,15,0.06666666666666667
608,70369,5142,1,15,0.06666666666666667
609,379,5143,1,2,0.5
610,382,5143,1,2,0.5
611,379,5144,2,2,1.0
612,379,5344,1,1,1.0
613,379,5345,6,12,0.5
614,382,5345,1,12,0.08333333333333333
615,384,5345,1,12,0.08333333333333333
616,387,5345,1,12,0.08333333333333333
617,12550,5345,1,12,0.08333333333333333
618,31353,5345,1,12,0.08333333333333333
619,40156,5345,1,12,0.08333333333333333
620,379,5346,2,5,0.4
621,382,5346,2,5,0.4
622,34957,5346,1,5,0.2
623,379,5542,3,4,0.75
624,15544,5542,1,4,0.25
625,379,5743,3,5,0.6
626,381,5743,1,5,0.2
627,66160,5743,1,5,0.2
628,379,5942,8,15,0.5333333333333333
629,383,5942,1,15,0.06666666666666667
630,389,5942,2,15,0.13333333333333333
631,391,5942,1,15,0.06666666666666667
632,395,5942,1,15,0.06666666666666667
633,9546,5942,1,15,0.06666666666666667
634,9946,5942,1,15,0.06666666666666667
635,379,6144,1,4,0.25
636,383,6144,2,4,0.5
637,72962,6144,1,4,0.25
638,379,6146,2,6,0.3333333333333333
639,387,6146,1,6,0.16666666666666666
640,6746,6146,1,6,0.16666666666666666
641,15942,6146,1,6,0.16666666666666666
642,63358,6146,1,6,0.16666666666666666
643,379,6342,2,2,1.0
644,379,6343,1,1,1.0
645,379,6542,6,10,0.6
646,390,6542,1,10,0.1
647,394,6542,1,10,0.1
648,19948,6542,1,10,0.1
649,28555,6542,1,10,0.1
650,379,6745,1,3,0.3333333333333333
651,14346,6745,1,3,0.3333333333333333
652,25354,6745,1,3,0.3333333333333333
653,379,6746,1,7,0.14285714285714285
654,380,6746,2,7,0.2857142857142857
655,383,6746,1,7,0.14285714285714285
656,1682,6746,1,7,0.14285714285714285
657,1922,6746,1,7,0.14285714285714285
658,5345,6746,1,7,0.14285714285714285
659,379,6747,1,1,1.0
660,379,6942,1,1,1.0
661,379,7142,1,1,1.0
662,379,7144,1,1,1.0
663,379,7343,4,6,0.6666666666666666
664,380,7343,1,6,0.16666666666666666
665,14342,7343,1,6,0.16666666666666666
666,379,7542,4,5,0.8
667,1762,7542,1,5,0.2
668,379,7742,6,7,0.8571428571428571
669,1822,7742,1,7,0.14285714285714285
670,379,7743,2,3,0.6666666666666666
671,387,7743,1,3,0.3333333333333333
672,379,7943,2,2,1.0
673,379,7944,1,2,0.5
674,386,7944,1,2,0.5
675,379,8143,2,3,0.6666666666666666
676,23351,8143,1,3,0.3333333333333333
677,379,8343,3,4,0.75
678,394,8343,1,4,0.25
679,379,8344,2,2,1.0
680,379,8542,4,6,0.6666666666666666
681,387,8542,1,6,0.16666666666666666
682,19944,8542,1,6,0.16666666666666666
683,379,8544,1,1,1.0
684,379,8743,3,5,0.6
685,396,8743,1,5,0.2
686,1782,8743,1,5,0.2
687,379,8744,3,3,1.0
688,379,8943,4,6,0.6666666666666666
689,386,8943,1,6,0.16666666666666666
690,24753,8943,1,6,0.16666666666666666
691,379,8945,1,1,1.0
692,379,8946,2,3,0.6666666666666666
693,2084,8946,1,3,0.3333333333333333
694,379,8948,1,8,0.125
695,391,8948,2,8,0.25
696,397,8948,1,8,0.125
697,1742,8948,1,8,0.125
698,1962,8948,1,8,0.125
699,6744,8948,1,8,0.125
700,10342,8948,1,8,0.125
701,379,9142,2,4,0.5
702,395,9142,1,4,0.25
703,9145,9142,1,4,0.25
704,379,9143,3,4,0.75
705,14742,9143,1,4,0.25
706,379,9145,8,14,0.5714285714285714
707,1842,9145,1,14,0.07142857142857142
708,3943,9145,1,14,0.07142857142857142
709,4142,9145,1,14,0.07142857142857142
710,4143,9145,1,14,0.07142857142857142
711,5346,9145,1,14,0.07142857142857142
712,7542,9145,1,14,0.07142857142857142
713,379,9146,2,3,0.6666666666666666
714,2942,9146,1,3,0.3333333333333333
715,379,9342,3,4,0.75
716,383,9342,1,4,0.25
717,379,9343,1,2,0.5
718,384,9343,1,2,0.5
719,379,9542,1,2,0.5
720,394,9542,1,2,0.5
721,379,9742,1,1,1.0
722,379,9942,5,8,0.625
723,390,9942,1,8,0.125
724,2042,9942,1,8,0.125
725,49958,9942,1,8,0.125
726,379,9943,2,2,1.0
727,379,9945,1,5,0.2
728,384,9945,1,5,0.2
729,397,9945,1,5,0.2
730,69386,9945,1,5,0.2
731,76187,9945,1,5,0.2
732,379,9946,4,5,0.8
733,1762,9946,1,5,0.2
734,379,9947,1,1,1.0
735,379,9948,1,2,0.5
736,2022,9948,1,2,0.5
737,379,9950,2,2,1.0
738,379,9951,2,2,1.0
739,379,9954,8,11,0.7272727272727273
740,380,9954,1,11,0.09090909090909091
741,386,9954,1,11,0.09090909090909091
742,1942,9954,1,11,0.09090909090909091
743,379,10142,8,10,0.8
744,2146,10142,1,10,0.1
745,16946,10142,1,10,0.1
746,379,10342,2,4,0.5
747,382,10342,1,4,0.25
748,4544,10342,1,4,0.25
749,379,10343,3,8,0.375
750,385,10343,1,8,0.125
751,394,10343,1,8,0.125
752,1902,10343,1,8,0.125
753,8743,10343,1,8,0.125
754,11143,10343,1,8,0.125
755,379,10344,1,3,0.3333333333333333
756,2143,10344,1,3,0.3333333333333333
757,43757,10344,1,3,0.3333333333333333
758,379,10346,1,1,1.0
759,379,10542,4,5,0.8
760,12743,10542,1,5,0.2
761,379,10943,4,4,1.0
762,379,10944,10,12,0.8333333333333334
763,1942,10944,2,12,0.16666666666666666
764,379,10946,1,2,0.5
765,386,10946,1,2,0.5
766,379,10948,2,2,1.0
767,379,10949,1,2,0.5
768,386,10949,1,2,0.5
769,379,11143,1,2,0.5
770,30355,11143,1,2,0.5
771,379,11144,1,1,1.0
772,379,11145,2,4,0.5
773,2943,11145,1,4,0.25
774,11348,11145,1,4,0.25
775,379,11147,1,2,0.5
776,399,11147,1,2,0.5
777,379,11344,1,2,0.5
778,393,11344,1,2,0.5
779,379,11345,2,5,0.4
780,382,11345,1,5,0.2
781,389,11345,1,5,0.2
782,9948,11345,1,5,0.2
783,379,11347,8,12,0.6666666666666666
784,395,11347,1,12,0.08333333333333333
785,1782,11347,1,12,0.08333333333333333
786,1902,11347,1,12,0.08333333333333333
787,19142,11347,1,12,0.08333333333333333
788,379,11348,3,3,1.0
789,379,11545,1,1,1.0
790,379,11742,1,1,1.0
791,379,11743,1,2,0.5
792,59360,11743,1,2,0.5
793,379,12342,1,1,1.0
794,379,12343,1,3,0.3333333333333333
795,8142,12343,1,3,0.3333333333333333
796,69375,12343,1,3,0.3333333333333333
797,379,12543,2,4,0.5
798,390,12543,1,4,0.25
799,65758,12543,1,4,0.25
800,379,12547,4,5,0.8
801,1742,12547,1,5,0.2
802,379,12549,1,1,1.0
803,379,12742,2,5,0.4
804,1782,12742,1,5,0.2
805,1842,12742,1,5,0.2
806,16557,12742,1,5,0.2
807,379,12743,2,2,1.0
808,379,12744,3,3,1.0
809,379,12942,1,2,0.5
810,383,12942,1,2,0.5
811,379,13743,1,1,1.0
812,379,13745,1,3,0.3333333333333333
813,3143,13745,1,3,0.3333333333333333
814,39958,13745,1,3,0.3333333333333333
815,379,14342,2,3,0.6666666666666666
816,4744,14342,1,3,0.3333333333333333
817,379,14346,3,3,1.0
818,379,14543,1,1,1.0
819,379,14745,1,1,1.0
820,379,14746,2,4,0.5
821,380,14746,1,4,0.25
822,382,14746,1,4,0.25
823,379,14747,2,4,0.5
824,19547,14747,1,4,0.25
825,41356,14747,1,4,0.25
826,379,14750,3,9,0.3333333333333333
827,380,14750,1,9,0.1111111111111111
828,388,14750,1,9,0.1111111111111111
829,1802,14750,1,9,0.1111111111111111
830,2083,14750,1,9,0.1111111111111111
831,10945,14750,1,9,0.1111111111111111
832,14760,14750,1,9,0.1111111111111111
833,379,14751,7,12,0.5833333333333334
834,1742,14751,2,12,0.16666666666666666
835,2942,14751,1,12,0.08333333333333333
836,19747,14751,1,12,0.08333333333333333
837,122568,14751,1,12,0.08333333333333333
838,379,14752,1,1,1.0
839,379,14753,2,2,1.0
840,379,14756,1,1,1.0
841,379,14943,1,2,0.5
842,384,14943,1,2,0.5
843,379,15143,2,6,0.3333333333333333
844,396,15143,1,6,0.16666666666666666
845,1782,15143,1,6,0.16666666666666666
846,7943,15143,1,6,0.16666666666666666
847,19544,15143,1,6,0.16666666666666666
848,379,15144,1,1,1.0
849,379,15147,1,1,1.0
850,379,15943,1,2,0.5
851,384,15943,1,2,0.5
852,379,16342,3,5,0.6
853,14145,16342,1,5,0.2
854,14758,16342,1,5,0.2
855,379,16355,2,2,1.0
856,379,16542,1,1,1.0
857,379,16543,1,2,0.5
858,1842,16543,1,2,0.5
859,379,16545,1,1,1.0
860,379,16747,1,3,0.3333333333333333
861,386,16747,2,3,0.6666666666666666
862,379,16754,1,1,1.0
863,379,17142,5,6,0.8333333333333334
864,42957,17142,1,6,0.16666666666666666
865,379,17152,1,1,1.0
866,379,17154,1,1,1.0
867,379,17155,1,2,0.5
868,17151,17155,1,2,0.5
869,379,17158,3,4,0.75
870,2105,17158,1,4,0.25
871,379,17160,1,1,1.0
872,379,17743,1,1,1.0
873,379,17942,1,1,1.0
874,379,18544,1,1,1.0
875,379,19345,1,1,1.0
876,379,19544,3,3,1.0
877,379,19546,7,8,0.875
878,2023,19546,1,8,0.125
879,379,19743,2,2,1.0
880,379,19750,1,1,1.0
881,379,19948,1,1,1.0
882,379,20948,1,1,1.0
883,379,20949,1,2,0.5
884,15342,20949,1,2,0.5
885,379,21343,2,3,0.6666666666666666
886,384,21343,1,3,0.3333333333333333
887,379,21344,1,1,1.0
888,379,21346,2,2,1.0
889,379,21542,1,2,0.5
890,1882,21542,1,2,0.5
891,379,21942,2,2,1.0
892,379,22142,1,1,1.0
893,379,22746,4,6,0.6666666666666666
894,394,22746,1,6,0.16666666666666666
895,5143,22746,1,6,0.16666666666666666
896,379,22951,1,1,1.0
897,379,23753,1,1,1.0
898,379,24952,1,1,1.0
899,379,25552,1,1,1.0
900,379,25952,1,1,1.0
901,379,26953,1,1,1.0
902,379,27554,1,1,1.0
903,379,28351,1,1,1.0
904,379,28753,2,2,1.0
905,379,29555,1,2,0.5
906,21942,29555,1,2,0.5
907,379,29560,1,1,1.0
908,379,29953,1,4,0.25
909,396,29953,1,4,0.25
910,4542,29953,1,4,0.25
911,72761,29953,1,4,0.25
912,379,30354,1,3,0.3333333333333333
913,384,30354,2,3,0.6666666666666666
914,379,31353,1,2,0.5
915,1842,31353,1,2,0.5
916,379,31555,1,6,0.16666666666666666
917,381,31555,1,6,0.16666666666666666
918,387,31555,1,6,0.16666666666666666
919,2083,31555,1,6,0.16666666666666666
920,3542,31555,2,6,0.3333333333333333
921,379,32955,2,2,1.0
922,379,33956,1,8,0.125
923,383,33956,3,8,0.375
924,387,33956,1,8,0.125
925,394,33956,1,8,0.125
926,12942,33956,1,8,0.125
927,14761,33956,1,8,0.125
928,379,34157,2,2,1.0
929,379,34360,1,1,1.0
930,379,34558,1,2,0.5
931,386,34558,1,2,0.5
932,379,36356,1,1,1.0
933,379,36758,1,1,1.0
934,379,38158,1,1,1.0
935,379,38160,1,1,1.0
936,379,41156,1,3,0.3333333333333333
937,386,41156,1,3,0.3333333333333333
938,8543,41156,1,3,0.3333333333333333
939,379,41957,1,2,0.5
940,383,41957,1,2,0.5
941,379,42957,2,3,0.6666666666666666
942,2023,42957,1,3,0.3333333333333333
943,379,43757,2,2,1.0
944,379,50357,1,1,1.0
945,379,50559,1,1,1.0
946,379,51558,1,1,1.0
947,379,52159,1,1,1.0
948,379,54159,1,2,0.5
949,6742,54159,1,2,0.5
950,379,55160,1,1,1.0
951,379,58159,2,2,1.0
952,379,59363,1,1,1.0
953,379,60562,1,2,0.5
954,5543,60562,1,2,0.5
955,379,61958,1,1,1.0
956,379,65159,1,1,1.0
957,379,66159,1,1,1.0
958,379,66160,2,3,0.6666666666666666
959,16545,66160,1,3,0.3333333333333333
960,379,68559,1,1,1.0
961,379,69785,1,1,1.0
962,379,69801,1,1,1.0
963,379,69830,1,3,0.3333333333333333
964,1742,69830,1,3,0.3333333333333333
965,4743,69830,1,3,0.3333333333333333
966,379,70366,1,1,1.0
967,379,70369,1,1,1.0
968,379,70967,1,1,1.0
969,379,71362,3,3,1.0
970,379,71367,1,2,0.5
971,383,71367,1,2,0.5
972,379,72175,1,1,1.0
973,379,73958,2,2,1.0
974,379,74160,1,2,0.5
975,7343,74160,1,2,0.5
976,379,76363,1,1,1.0
977,379,77564,1,1,1.0
978,379,78161,2,2,1.0
979,379,80761,1,2,0.5
980,1882,80761,1,2,0.5
981,379,81961,1,1,1.0
982,379,85163,1,1,1.0
983,379,85771,1,2,0.5
984,4342,85771,1,2,0.5
985,379,87162,1,2,0.5
986,382,87162,1,2,0.5
987,379,90364,1,1,1.0
988,379,93571,1,3,0.3333333333333333
989,1742,93571,1,3,0.3333333333333333
990,2022,93571,1,3,0.3333333333333333
991,379,95364,1,2,0.5
992,2742,95364,1,2,0.5
993,380,379,38,1959,0.019397651863195507
994,381,379,50,1959,0.025523226135783564
995,382,379,72,1959,0.036753445635528334
996,383,379,70,1959,0.03573251659009699
997,384,379,42,1959,0.021439509954058193
998,385,379,22,1959,0.011230219499744768
999,386,379,42,1959,0.021439509954058193
1000,387,379,72,1959,0.036753445635528334
1001,388,379,35,1959,0.017866258295048495
1002,389,379,19,1959,0.009698825931597753
1003,390,379,21,1959,0.010719754977029096
1004,391,379,15,1959,0.007656967840735069
1005,392,379,13,1959,0.006636038795303726
1006,393,379,17,1959,0.008677896886166412
1007,394,379,27,1959,0.013782542113323124
1008,395,379,52,1959,0.026544155181214904
1009,396,379,31,1959,0.01582440020418581
1010,397,379,15,1959,0.007656967840735069
1011,398,379,14,1959,0.0071465033180193975
1012,399,379,8,1959,0.00408371618172537
1013,1682,379,37,1959,0.018887187340479835
1014,1702,379,16,1959,0.00816743236345074
1015,1722,379,16,1959,0.00816743236345074
1016,1742,379,13,1959,0.006636038795303726
1017,1762,379,46,1959,0.02348136804492088
1018,1782,379,28,1959,0.014293006636038795
1019,1802,379,15,1959,0.007656967840735069
1020,1822,379,13,1959,0.006636038795303726
1021,1842,379,15,1959,0.007656967840735069
1022,1862,379,4,1959,0.002041858090862685
1023,1882,379,45,1959,0.022970903522205207
1024,1902,379,25,1959,0.012761613067891782
1025,1922,379,3,1959,0.0015313935681470138
1026,1942,379,21,1959,0.010719754977029096
1027,1962,379,9,1959,0.004594180704441042
1028,1982,379,13,1959,0.006636038795303726
1029,2002,379,5,1959,0.002552322613578356
1030,2003,379,17,1959,0.008677896886166412
1031,2022,379,17,1959,0.008677896886166412
1032,2023,379,2,1959,0.0010209290454313426
1033,2042,379,14,1959,0.0071465033180193975
1034,2062,379,12,1959,0.006125574272588055
1035,2063,379,13,1959,0.006636038795303726
1036,2082,379,6,1959,0.0030627871362940277
1037,2083,379,4,1959,0.002041858090862685
1038,2084,379,5,1959,0.002552322613578356
1039,2102,379,4,1959,0.002041858090862685
1040,2103,379,10,1959,0.005104645227156712
1041,2104,379,7,1959,0.0035732516590096988
1042,2105,379,15,1959,0.007656967840735069
1043,2122,379,4,1959,0.002041858090862685
1044,2142,379,3,1959,0.0015313935681470138
1045,2143,379,6,1959,0.0030627871362940277
1046,2144,379,4,1959,0.002041858090862685
1047,2145,379,6,1959,0.0030627871362940277
1048,2146,379,13,1959,0.006636038795303726
1049,2147,379,1,1959,0.0005104645227156713
1050,2342,379,10,1959,0.005104645227156712
1051,2343,379,5,1959,0.002552322613578356
1052,2742,379,6,1959,0.0030627871362940277
1053,2743,379,5,1959,0.002552322613578356
1054,2744,379,12,1959,0.006125574272588055
1055,2942,379,15,1959,0.007656967840735069
1056,2943,379,13,1959,0.006636038795303726
1057,2944,379,6,1959,0.0030627871362940277
1058,3142,379,3,1959,0.0015313935681470138
1059,3143,379,2,1959,0.0010209290454313426
1060,3342,379,1,1959,0.0005104645227156713
1061,3542,379,3,1959,0.0015313935681470138
1062,3543,379,1,1959,0.0005104645227156713
1063,3742,379,16,1959,0.00816743236345074
1064,3942,379,3,1959,0.0015313935681470138
1065,3943,379,16,1959,0.00816743236345074
1066,3944,379,3,1959,0.0015313935681470138
1067,3945,379,1,1959,0.0005104645227156713
1068,4143,379,3,1959,0.0015313935681470138
1069,4144,379,14,1959,0.0071465033180193975
1070,4542,379,5,1959,0.002552322613578356
1071,4543,379,6,1959,0.0030627871362940277
1072,4544,379,14,1959,0.0071465033180193975
1073,4742,379,2,1959,0.0010209290454313426
1074,4743,379,4,1959,0.002041858090862685
1075,4744,379,1,1959,0.0005104645227156713
1076,4942,379,5,1959,0.002552322613578356
1077,5142,379,3,1959,0.0015313935681470138
1078,5143,379,2,1959,0.0010209290454313426
1079,5144,379,4,1959,0.002041858090862685
1080,5145,379,3,1959,0.0015313935681470138
1081,5342,379,3,1959,0.0015313935681470138
1082,5344,379,1,1959,0.0005104645227156713
1083,5345,379,3,1959,0.0015313935681470138
1084,5346,379,2,1959,0.0010209290454313426
1085,5542,379,1,1959,0.0005104645227156713
1086,5543,379,3,1959,0.0015313935681470138
1087,5742,379,3,1959,0.0015313935681470138
1088,5743,379,9,1959,0.004594180704441042
1089,5942,379,13,1959,0.006636038795303726
1090,6143,379,8,1959,0.00408371618172537
1091,6144,379,2,1959,0.0010209290454313426
1092,6146,379,3,1959,0.0015313935681470138
1093,6342,379,4,1959,0.002041858090862685
1094,6343,379,1,1959,0.0005104645227156713
1095,6542,379,1,1959,0.0005104645227156713
1096,6543,379,2,1959,0.0010209290454313426
1097,6742,379,1,1959,0.0005104645227156713
1098,6744,379,1,1959,0.0005104645227156713
1099,6745,379,2,1959,0.0010209290454313426
1100,6746,379,3,1959,0.0015313935681470138
1101,6747,379,1,1959,0.0005104645227156713
1102,6942,379,1,1959,0.0005104645227156713
1103,7142,379,2,1959,0.0010209290454313426
1104,7143,379,4,1959,0.002041858090862685
1105,7144,379,3,1959,0.0015313935681470138
1106,7343,379,5,1959,0.002552322613578356
1107,7542,379,6,1959,0.0030627871362940277
1108,7742,379,8,1959,0.00408371618172537
1109,7743,379,5,1959,0.002552322613578356
1110,7942,379,1,1959,0.0005104645227156713
1111,7943,379,5,1959,0.002552322613578356
1112,7944,379,2,1959,0.0010209290454313426
1113,8142,379,3,1959,0.0015313935681470138
1114,8143,379,2,1959,0.0010209290454313426
1115,8144,379,1,1959,0.0005104645227156713
1116,8342,379,1,1959,0.0005104645227156713
1117,8343,379,6,1959,0.0030627871362940277
1118,8344,379,4,1959,0.002041858090862685
1119,8345,379,4,1959,0.002041858090862685
1120,8542,379,5,1959,0.002552322613578356
1121,8544,379,3,1959,0.0015313935681470138
1122,8742,379,4,1959,0.002041858090862685
1123,8743,379,5,1959,0.002552322613578356
1124,8744,379,2,1959,0.0010209290454313426
1125,8745,379,1,1959,0.0005104645227156713
1126,8942,379,1,1959,0.0005104645227156713
1127,8943,379,8,1959,0.00408371618172537
1128,8945,379,2,1959,0.0010209290454313426
1129,8946,379,3,1959,0.0015313935681470138
1130,8947,379,1,1959,0.0005104645227156713
1131,8948,379,1,1959,0.0005104645227156713
1132,9142,379,4,1959,0.002041858090862685
1133,9143,379,1,1959,0.0005104645227156713
1134,9144,379,7,1959,0.0035732516590096988
1135,9145,379,3,1959,0.0015313935681470138
1136,9146,379,5,1959,0.002552322613578356
1137,9342,379,1,1959,0.0005104645227156713
1138,9343,379,1,1959,0.0005104645227156713
1139,9542,379,9,1959,0.004594180704441042
1140,9942,379,3,1959,0.0015313935681470138
1141,9943,379,1,1959,0.0005104645227156713
1142,9944,379,1,1959,0.0005104645227156713
1143,9947,379,1,1959,0.0005104645227156713
1144,9948,379,1,1959,0.0005104645227156713
1145,9949,379,3,1959,0.0015313935681470138
1146,9953,379,3,1959,0.0015313935681470138
1147,9954,379,8,1959,0.00408371618172537
1148,9955,379,3,1959,0.0015313935681470138
1149,10142,379,10,1959,0.005104645227156712
1150,10342,379,1,1959,0.0005104645227156713
1151,10343,379,2,1959,0.0010209290454313426
1152,10344,379,1,1959,0.0005104645227156713
1153,10346,379,4,1959,0.002041858090862685
1154,10542,379,4,1959,0.002041858090862685
1155,10743,379,1,1959,0.0005104645227156713
1156,10744,379,2,1959,0.0010209290454313426
1157,10942,379,1,1959,0.0005104645227156713
1158,10943,379,3,1959,0.0015313935681470138
1159,10944,379,5,1959,0.002552322613578356
1160,10945,379,1,1959,0.0005104645227156713
1161,10948,379,2,1959,0.0010209290454313426
1162,10949,379,1,1959,0.0005104645227156713
1163,11142,379,1,1959,0.0005104645227156713
1164,11143,379,6,1959,0.0030627871362940277
1165,11145,379,3,1959,0.0015313935681470138
1166,11146,379,2,1959,0.0010209290454313426
1167,11147,379,2,1959,0.0010209290454313426
1168,11343,379,1,1959,0.0005104645227156713
1169,11344,379,1,1959,0.0005104645227156713
1170,11348,379,3,1959,0.0015313935681470138
1171,11543,379,1,1959,0.0005104645227156713
1172,11545,379,1,1959,0.0005104645227156713
1173,11742,379,1,1959,0.0005104645227156713
1174,11743,379,1,1959,0.0005104645227156713
1175,11942,379,1,1959,0.0005104645227156713
1176,12342,379,1,1959,0.0005104645227156713
1177,12544,379,4,1959,0.002041858090862685
1178,12545,379,2,1959,0.0010209290454313426
1179,12546,379,1,1959,0.0005104645227156713
1180,12547,379,2,1959,0.0010209290454313426
1181,12549,379,2,1959,0.0010209290454313426
1182,12742,379,5,1959,0.002552322613578356
1183,12743,379,2,1959,0.0010209290454313426
1184,12744,379,2,1959,0.0010209290454313426
1185,12942,379,1,1959,0.0005104645227156713
1186,13142,379,1,1959,0.0005104645227156713
1187,13342,379,1,1959,0.0005104645227156713
1188,13743,379,5,1959,0.002552322613578356
1189,13942,379,3,1959,0.0015313935681470138
1190,13943,379,2,1959,0.0010209290454313426
1191,14142,379,2,1959,0.0010209290454313426
1192,14143,379,3,1959,0.0015313935681470138
1193,14342,379,1,1959,0.0005104645227156713
1194,14347,379,1,1959,0.0005104645227156713
1195,14542,379,2,1959,0.0010209290454313426
1196,14543,379,2,1959,0.0010209290454313426
1197,14742,379,1,1959,0.0005104645227156713
1198,14746,379,4,1959,0.002041858090862685
1199,14747,379,2,1959,0.0010209290454313426
1200,14748,379,1,1959,0.0005104645227156713
1201,14749,379,1,1959,0.0005104645227156713
1202,14750,379,1,1959,0.0005104645227156713
1203,14751,379,2,1959,0.0010209290454313426
1204,14752,379,2,1959,0.0010209290454313426
1205,14753,379,1,1959,0.0005104645227156713
1206,14756,379,1,1959,0.0005104645227156713
1207,14758,379,1,1959,0.0005104645227156713
1208,14761,379,1,1959,0.0005104645227156713
1209,14942,379,1,1959,0.0005104645227156713
1210,14943,379,1,1959,0.0005104645227156713
1211,15142,379,1,1959,0.0005104645227156713
1212,15143,379,1,1959,0.0005104645227156713
1213,15144,379,2,1959,0.0010209290454313426
1214,15344,379,1,1959,0.0005104645227156713
1215,15544,379,1,1959,0.0005104645227156713
1216,15944,379,1,1959,0.0005104645227156713
1217,16143,379,1,1959,0.0005104645227156713
1218,16144,379,1,1959,0.0005104645227156713
1219,16342,379,2,1959,0.0010209290454313426
1220,16343,379,1,1959,0.0005104645227156713
1221,16346,379,1,1959,0.0005104645227156713
1222,16351,379,2,1959,0.0010209290454313426
1223,16353,379,2,1959,0.0010209290454313426
1224,16544,379,1,1959,0.0005104645227156713
1225,16548,379,1,1959,0.0005104645227156713
1226,16551,379,1,1959,0.0005104645227156713
1227,16552,379,2,1959,0.0010209290454313426
1228,16554,379,1,1959,0.0005104645227156713
1229,16556,379,2,1959,0.0010209290454313426
1230,16557,379,1,1959,0.0005104645227156713
1231,16745,379,1,1959,0.0005104645227156713
1232,16752,379,1,1959,0.0005104645227156713
1233,16754,379,1,1959,0.0005104645227156713
1234,16942,379,1,1959,0.0005104645227156713
1235,16944,379,1,1959,0.0005104645227156713
1236,16945,379,1,1959,0.0005104645227156713
1237,16949,379,1,1959,0.0005104645227156713
1238,17142,379,2,1959,0.0010209290454313426
1239,17145,379,1,1959,0.0005104645227156713
1240,17150,379,1,1959,0.0005104645227156713
1241,17155,379,3,1959,0.0015313935681470138
1242,17158,379,1,1959,0.0005104645227156713
1243,17159,379,1,1959,0.0005104645227156713
1244,17160,379,1,1959,0.0005104645227156713
1245,17342,379,1,1959,0.0005104645227156713
1246,18743,379,1,1959,0.0005104645227156713
1247,18942,379,1,1959,0.0005104645227156713
1248,19145,379,2,1959,0.0010209290454313426
1249,19345,379,2,1959,0.0010209290454313426
1250,19346,379,2,1959,0.0010209290454313426
1251,19544,379,4,1959,0.002041858090862685
1252,19546,379,2,1959,0.0010209290454313426
1253,19547,379,3,1959,0.0015313935681470138
1254,19743,379,1,1959,0.0005104645227156713
1255,19750,379,1,1959,0.0005104645227156713
1256,19755,379,1,1959,0.0005104645227156713
1257,19948,379,1,1959,0.0005104645227156713
1258,20142,379,1,1959,0.0005104645227156713
1259,20542,379,2,1959,0.0010209290454313426
1260,20543,379,1,1959,0.0005104645227156713
1261,20742,379,1,1959,0.0005104645227156713
1262,20947,379,1,1959,0.0005104645227156713
1263,20949,379,1,1959,0.0005104645227156713
1264,21342,379,2,1959,0.0010209290454313426
1265,21343,379,1,1959,0.0005104645227156713
1266,21346,379,1,1959,0.0005104645227156713
1267,21542,379,1,1959,0.0005104645227156713
1268,21942,379,3,1959,0.0015313935681470138
1269,22745,379,1,1959,0.0005104645227156713
1270,22746,379,2,1959,0.0010209290454313426
1271,22747,379,1,1959,0.0005104645227156713
1272,22951,379,1,1959,0.0005104645227156713
1273,23151,379,1,1959,0.0005104645227156713
1274,23357,379,1,1959,0.0005104645227156713
1275,23751,379,1,1959,0.0005104645227156713
1276,24151,379,1,1959,0.0005104645227156713
1277,24551,379,1,1959,0.0005104645227156713
1278,24552,379,1,1959,0.0005104645227156713
1279,24554,379,1,1959,0.0005104645227156713
1280,24952,379,2,1959,0.0010209290454313426
1281,25152,379,1,1959,0.0005104645227156713
1282,25353,379,1,1959,0.0005104645227156713
1283,25952,379,1,1959,0.0005104645227156713
1284,26551,379,1,1959,0.0005104645227156713
1285,26952,379,1,1959,0.0005104645227156713
1286,27554,379,2,1959,0.0010209290454313426
1287,27953,379,1,1959,0.0005104645227156713
1288,28351,379,2,1959,0.0010209290454313426
1289,28753,379,1,1959,0.0005104645227156713
1290,29560,379,2,1959,0.0010209290454313426
1291,29953,379,1,1959,0.0005104645227156713
1292,29955,379,3,1959,0.0015313935681470138
1293,29956,379,2,1959,0.0010209290454313426
1294,29957,379,1,1959,0.0005104645227156713
1295,30151,379,1,1959,0.0005104645227156713
1296,30154,379,1,1959,0.0005104645227156713
1297,30351,379,1,1959,0.0005104645227156713
1298,30555,379,1,1959,0.0005104645227156713
1299,31353,379,3,1959,0.0015313935681470138
1300,31553,379,1,1959,0.0005104645227156713
1301,31555,379,1,1959,0.0005104645227156713
1302,34156,379,1,1959,0.0005104645227156713
1303,34157,379,2,1959,0.0010209290454313426
1304,34357,379,1,1959,0.0005104645227156713
1305,34364,379,1,1959,0.0005104645227156713
1306,35557,379,1,1959,0.0005104645227156713
1307,35558,379,1,1959,0.0005104645227156713
1308,36557,379,1,1959,0.0005104645227156713
1309,36559,379,1,1959,0.0005104645227156713
1310,36758,379,1,1959,0.0005104645227156713
1311,37158,379,1,1959,0.0005104645227156713
1312,38357,379,2,1959,0.0010209290454313426
1313,38362,379,1,1959,0.0005104645227156713
1314,38557,379,1,1959,0.0005104645227156713
1315,38758,379,1,1959,0.0005104645227156713
1316,39159,379,1,1959,0.0005104645227156713
1317,39162,379,1,1959,0.0005104645227156713
1318,39960,379,1,1959,0.0005104645227156713
1319,40356,379,1,1959,0.0005104645227156713
1320,41357,379,1,1959,0.0005104645227156713
1321,41956,379,1,1959,0.0005104645227156713
1322,41957,379,1,1959,0.0005104645227156713
1323,41958,379,1,1959,0.0005104645227156713
1324,42357,379,1,1959,0.0005104645227156713
1325,42359,379,1,1959,0.0005104645227156713
1326,43157,379,2,1959,0.0010209290454313426
1327,43556,379,1,1959,0.0005104645227156713
1328,45956,379,1,1959,0.0005104645227156713
1329,46557,379,1,1959,0.0005104645227156713
1330,46757,379,1,1959,0.0005104645227156713
1331,46957,379,1,1959,0.0005104645227156713
1332,49757,379,1,1959,0.0005104645227156713
1333,51760,379,1,1959,0.0005104645227156713
1334,52159,379,1,1959,0.0005104645227156713
1335,52358,379,1,1959,0.0005104645227156713
1336,52758,379,1,1959,0.0005104645227156713
1337,54358,379,1,1959,0.0005104645227156713
1338,56159,379,1,1959,0.0005104645227156713
1339,56162,379,1,1959,0.0005104645227156713
1340,57558,379,1,1959,0.0005104645227156713
1341,58558,379,1,1959,0.0005104645227156713
1342,58759,379,1,1959,0.0005104645227156713
1343,60759,379,1,1959,0.0005104645227156713
1344,62159,379,1,1959,0.0005104645227156713
1345,63158,379,2,1959,0.0010209290454313426
1346,63960,379,1,1959,0.0005104645227156713
1347,64358,379,1,1959,0.0005104645227156713
1348,64558,379,1,1959,0.0005104645227156713
1349,64758,379,1,1959,0.0005104645227156713
1350,64958,379,1,1959,0.0005104645227156713
1351,66160,379,1,1959,0.0005104645227156713
1352,66358,379,1,1959,0.0005104645227156713
1353,67558,379,1,1959,0.0005104645227156713
1354,68559,379,1,1959,0.0005104645227156713
1355,69383,379,1,1959,0.0005104645227156713
1356,69385,379,1,1959,0.0005104645227156713
1357,69386,379,1,1959,0.0005104645227156713
1358,69574,379,1,1959,0.0005104645227156713
1359,69761,379,1,1959,0.0005104645227156713
1360,69766,379,1,1959,0.0005104645227156713
1361,69767,379,1,1959,0.0005104645227156713
1362,69773,379,1,1959,0.0005104645227156713
1363,69788,379,1,1959,0.0005104645227156713
1364,69799,379,1,1959,0.0005104645227156713
1365,69808,379,1,1959,0.0005104645227156713
1366,69810,379,1,1959,0.0005104645227156713
1367,69816,379,1,1959,0.0005104645227156713
1368,69827,379,1,1959,0.0005104645227156713
1369,69971,379,1,1959,0.0005104645227156713
1370,70159,379,1,1959,0.0005104645227156713
1371,70174,379,1,1959,0.0005104645227156713
1372,70183,379,1,1959,0.0005104645227156713
1373,70192,379,1,1959,0.0005104645227156713
1374,70195,379,2,1959,0.0010209290454313426
1375,70196,379,1,1959,0.0005104645227156713
1376,70760,379,1,1959,0.0005104645227156713
1377,70761,379,1,1959,0.0005104645227156713
1378,70762,379,1,1959,0.0005104645227156713
1379,70959,379,1,1959,0.0005104645227156713
1380,70966,379,1,1959,0.0005104645227156713
1381,71163,379,1,1959,0.0005104645227156713
1382,71375,379,1,1959,0.0005104645227156713
1383,71961,379,1,1959,0.0005104645227156713
1384,71965,379,1,1959,0.0005104645227156713
1385,72159,379,1,1959,0.0005104645227156713
1386,72161,379,1,1959,0.0005104645227156713
1387,72162,379,1,1959,0.0005104645227156713
1388,72188,379,1,1959,0.0005104645227156713
1389,72358,379,1,1959,0.0005104645227156713
1390,72963,379,1,1959,0.0005104645227156713
1391,73161,379,1,1959,0.0005104645227156713
1392,73162,379,1,1959,0.0005104645227156713
1393,73165,379,1,1959,0.0005104645227156713
1394,73958,379,1,1959,0.0005104645227156713
1395,74360,379,1,1959,0.0005104645227156713
1396,74361,379,2,1959,0.0010209290454313426
1397,76161,379,1,1959,0.0005104645227156713
1398,76179,379,1,1959,0.0005104645227156713
1399,76190,379,1,1959,0.0005104645227156713
1400,77561,379,1,1959,0.0005104645227156713
1401,77564,379,1,1959,0.0005104645227156713
1402,78361,379,1,1959,0.0005104645227156713
1403,78368,379,1,1959,0.0005104645227156713
1404,78570,379,1,1959,0.0005104645227156713
1405,80761,379,2,1959,0.0010209290454313426
1406,80762,379,1,1959,0.0005104645227156713
1407,81761,379,1,1959,0.0005104645227156713
1408,81967,379,1,1959,0.0005104645227156713
1409,81968,379,1,1959,0.0005104645227156713
1410,81972,379,1,1959,0.0005104645227156713
1411,83568,379,2,1959,0.0010209290454313426
1412,84765,379,2,1959,0.0010209290454313426
1413,84968,379,1,1959,0.0005104645227156713
1414,85164,379,1,1959,0.0005104645227156713
1415,85165,379,1,1959,0.0005104645227156713
1416,85561,379,1,1959,0.0005104645227156713
1417,86172,379,1,1959,0.0005104645227156713
1418,89162,379,1,1959,0.0005104645227156713
1419,89566,379,1,1959,0.0005104645227156713
1420,94364,379,1,1959,0.0005104645227156713
1421,97166,379,1,1959,0.0005104645227156713
1422,97563,379,1,1959,0.0005104645227156713
1423,98563,379,1,1959,0.0005104645227156713
1424,98564,379,1,1959,0.0005104645227156713
1425,99564,379,1,1959,0.0005104645227156713
1426,104363,379,1,1959,0.0005104645227156713
1427,107966,379,1,1959,0.0005104645227156713
1428,112965,379,1,1959,0.0005104645227156713
1429,113964,379,1,1959,0.0005104645227156713
1430,119563,379,1,1959,0.0005104645227156713
1431,121763,379,1,1959,0.0005104645227156713
1432,380,1842,1,11,0.09090909090909091
1433,383,1842,1,11,0.09090909090909091
1434,387,1842,2,11,0.18181818181818182
1435,391,1842,1,11,0.09090909090909091
1436,1942,1842,1,11,0.09090909090909091
1437,2083,1842,1,11,0.09090909090909091
1438,2102,1842,1,11,0.09090909090909091
1439,4742,1842,1,11,0.09090909090909091
1440,13342,1842,1,11,0.09090909090909091
1441,120169,1842,1,11,0.09090909090909091
1442,380,11543,2,2,1.0
1443,380,13943,1,1,1.0
1444,380,14748,1,1,1.0
1445,380,26352,1,2,0.5
1446,11543,26352,1,2,0.5
1447,381,2104,1,2,0.5
1448,2103,2104,1,2,0.5
1449,381,16351,1,1,1.0
1450,382,25352,1,3,0.3333333333333333
1451,384,25352,2,3,0.6666666666666666
1452,382,72761,1,1,1.0
1453,383,7145,1,5,0.2
1454,394,7145,1,5,0.2
1455,2063,7145,1,5,0.2
1456,2143,7145,1,5,0.2
1457,19755,7145,1,5,0.2
1458,383,13342,2,3,0.6666666666666666
1459,6144,13342,1,3,0.3333333333333333
1460,383,13746,1,2,0.5
1461,90768,13746,1,2,0.5
1462,383,16344,4,5,0.8
1463,15144,16344,1,5,0.2
1464,383,21544,1,1,1.0
1465,383,71176,1,1,1.0
1466,384,2144,1,1,1.0
1467,384,2343,3,6,0.5
1468,1982,2343,1,6,0.16666666666666666
1469,11345,2343,1,6,0.16666666666666666
1470,70962,2343,1,6,0.16666666666666666
1471,384,5742,1,1,1.0
1472,384,118363,2,2,1.0
1473,385,41958,1,3,0.3333333333333333
1474,7542,41958,1,3,0.3333333333333333
1475,16949,41958,1,3,0.3333333333333333
1476,385,70383,1,1,1.0
1477,386,3945,1,2,0.5
1478,1742,3945,1,2,0.5
1479,387,8145,1,2,0.5
1480,391,8145,1,2,0.5
1481,387,15742,1,1,1.0
1482,387,16946,1,1,1.0
1483,387,20742,1,2,0.5
1484,1822,20742,1,2,0.5
1485,387,35557,2,2,1.0
1486,387,72561,1,1,1.0
1487,388,42357,1,2,0.5
1488,70205,42357,1,2,0.5
1489,388,65360,1,2,0.5
1490,12546,65360,1,2,0.5
1491,388,69387,1,2,0.5
1492,80762,69387,1,2,0.5
1493,389,5342,1,2,0.5
1494,1702,5342,1,2,0.5
1495,389,22947,1,1,1.0
1496,390,27953,1,1,1.0
1497,390,87165,1,2,0.5
1498,1882,87165,1,2,0.5
1499,391,6145,1,1,1.0
1500,391,30154,1,1,1.0
1501,391,79962,1,1,1.0
1502,394,8342,1,1,1.0
1503,394,40758,1,2,0.5
1504,66160,40758,1,2,0.5
1505,396,4744,1,2,0.5
1506,50357,4744,1,2,0.5
1507,396,8942,1,1,1.0
1508,396,28752,1,1,1.0
1509,397,9953,1,1,1.0
1510,397,28353,1,1,1.0
1511,398,11942,1,1,1.0
1512,399,70196,1,2,0.5
1513,8142,70196,1,2,0.5
1514,1742,14749,1,2,0.5
1515,69830,14749,1,2,0.5
1516,1762,50560,1,1,1.0
1517,1762,69827,1,1,1.0
1518,1882,32954,1,1,1.0
1519,1962,14145,1,1,1.0
1520,1962,29151,1,1,1.0
1521,2083,9546,1,1,1.0
1522,2083,32957,1,2,0.5
1523,28953,32957,1,2,0.5
1524,2084,9952,1,1,1.0
1525,2103,17744,1,1,1.0
1526,2145,69766,1,1,1.0
1527,2743,77963,1,3,0.3333333333333333
1528,6146,77963,1,3,0.3333333333333333
1529,42357,77963,1,3,0.3333333333333333
1530,2944,31152,1,1,1.0
1531,3944,119564,1,1,1.0
1532,4543,25951,1,1,1.0
1533,5145,7942,1,1,1.0
1534,5343,15542,1,1,1.0
1535,6146,5343,1,1,1.0
1536,7942,85764,3,3,1.0
1537,8144,70371,1,1,1.0
1538,8743,14760,1,2,0.5
1539,9943,14760,1,2,0.5
1540,8942,71162,1,2,0.5
1541,17146,71162,1,2,0.5
1542,8943,6142,1,1,1.0
1543,8943,14759,1,1,1.0
1544,9143,9949,1,2,0.5
1545,31551,9949,1,2,0.5
1546,9145,65160,1,1,1.0
1547,9944,15544,1,2,0.5
1548,14144,15544,1,2,0.5
1549,11145,6143,1,1,1.0
1550,12744,3142,1,3,0.3333333333333333
1551,12943,3142,1,3,0.3333333333333333
1552,71171,3142,1,3,0.3333333333333333
1553,14754,45956,1,1,1.0
1554,15545,14347,1,1,1.0
1555,15944,128563,1,1,1.0
1556,16355,19142,1,1,1.0
1557,17159,39162,1,1,1.0
1558,22948,56160,1,1,1.0
1559,25552,34757,1,1,1.0
1560,31552,23351,1,1,1.0
1561,34359,38357,1,3,0.3333333333333333
1562,69782,38357,1,3,0.3333333333333333
1563,119564,38357,1,3,0.3333333333333333
1564,34360,10744,1,1,1.0
1565,38756,51360,1,1,1.0
1566,59358,9955,1,1,1.0
1567,60561,71773,1,1,1.0
1568,64958,16744,1,1,1.0
1569,71959,12546,1,1,1.0
