CityId,InvitorCityId,p,NumOutInvs
380,379,0.004879256090230881,276
381,379,0.006028356256408443,341
382,379,0.003641763603578121,206
383,379,0.003005338896156702,170
384,379,0.0025280203655906374,143
385,379,0.0037831913163384363,214
386,379,0.0025280203655906374,143
387,379,0.002298200332355125,130
388,379,0.001255170950747799,71
389,379,0.0025810557578757557,146
390,379,0.001926952586359297,109
391,379,0.0020683802991196126,117
392,379,0.0013965986635081143,79
393,379,0.0015557048403634691,88
394,379,0.0012905278789378779,73
395,379,0.005232825372131669,296
396,379,0.0018208818017890606,103
397,379,0.0012021355584626808,68
398,379,0.0016087402326485875,91
399,379,0.0010607078457023655,60
1682,379,0.001926952586359297,109
1702,379,0.0009546370611321288,54
1722,379,0.001255170950747799,71
1742,379,0.0019092741222642576,108
1762,379,0.0024573065092104796,139
1782,379,0.001997666442739455,113
1802,379,0.001043029381607326,59
1822,379,0.0009369585970370895,53
1842,379,0.0008839232047519711,50
1862,379,0.0009899939893222077,56
1882,379,0.0024926634374005585,141
1902,379,0.0027224834706360713,154
1922,379,0.0007778524201817346,44
1942,379,0.0008132093483718135,46
1962,379,0.001166778630272602,66
1982,379,0.0005303539228511827,30
2002,379,0.0007248170278966163,41
2003,379,0.0006717816356114981,38
2022,379,0.001255170950747799,71
2023,379,0.0006541031715164587,37
2042,379,0.0010960647738924442,62
2062,379,0.0015380263762684299,87
2063,379,0.00035356928190078844,20
2082,379,0.0009723155252271683,55
2083,379,0.0005126754587561433,29
2084,379,0.000459640066471025,26
2102,379,0.0005480323869462221,31
2103,379,0.0013435632712229962,76
2104,379,0.0005480323869462221,31
2105,379,0.001591061768553548,90
2122,379,0.0004066046741859067,23
2142,379,0.0008308878124668529,47
2143,379,0.0005480323869462221,31
2144,379,0.0007071385638015769,40
2145,379,0.0009723155252271683,55
2146,379,0.0008839232047519711,50
2147,379,0.0005303539228511827,30
2342,379,0.0004066046741859067,23
2742,379,0.0005126754587561433,29
2743,379,0.0005303539228511827,30
2744,379,0.00035356928190078844,20
2942,379,0.0017324894813138634,98
2943,379,0.0012198140225577203,69
2944,379,0.0003889262100908673,22
3142,379,0.0008839232047519711,50
3143,379,0.0003005338896156702,17
3342,379,0.00012374924866527596,7
3542,379,0.0002474984973305519,14
3543,379,0.0008839232047519711,50
3742,379,0.0012021355584626808,68
3942,379,0.0006364247074214192,36
3943,379,0.0006187462433263798,35
3944,379,0.0013258848071279567,75
3945,379,0.00021214156914047309,12
4142,379,0.0003005338896156702,17
4143,379,0.0009723155252271683,55
4144,379,0.0016440971608386664,93
4342,379,0.0004773185305660644,27
4542,379,0.0005303539228511827,30
4543,379,0.0005126754587561433,29
4544,379,0.0011844570943676414,67
4742,379,0.0002298200332355125,13
4743,379,0.0003712477459958279,21
4744,379,0.00044196160237598556,25
4942,379,0.0014849909839833115,84
5142,379,0.000583389315136301,33
5143,379,0.0005480323869462221,31
5144,379,0.0003182123537107096,18
5145,379,0.00035356928190078844,20
5342,379,0.00033589081780574905,19
5343,379,0.0002474984973305519,14
5344,379,0.00021214156914047309,12
5345,379,0.00021214156914047309,12
5346,379,0.0005657108510412615,32
5542,379,0.00017678464095039422,10
5543,379,0.00026517696142559137,15
5742,379,0.00035356928190078844,20
5743,379,0.0005126754587561433,29
5942,379,0.001502669448078351,85
6142,379,0.000583389315136301,33
6143,379,0.001043029381607326,59
6144,379,0.0002298200332355125,13
6145,379,0.00021214156914047309,12
6146,379,0.0004949969946611038,28
6342,379,0.0007601739560866952,43
6343,379,0.00021214156914047309,12
6542,379,0.0002298200332355125,13
6543,379,0.0002298200332355125,13
6742,379,0.0001591061768553548,9
6743,379,0.0004773185305660644,27
6744,379,0.0002298200332355125,13
6745,379,0.00014142771276031538,8
6746,379,0.0008839232047519711,50
6747,379,0.0006010677792313404,34
6942,379,1.7678464095039423e-05,1
7142,379,0.000583389315136301,33
7143,379,0.0005303539228511827,30
7144,379,0.0004066046741859067,23
7145,379,0.0002298200332355125,13
7343,379,0.0005657108510412615,32
7542,379,0.0024042711169253617,136
7742,379,0.00091928013294205,52
7743,379,0.000583389315136301,33
7942,379,0.0002298200332355125,13
7943,379,0.0006187462433263798,35
7944,379,0.00014142771276031538,8
8142,379,0.00026517696142559137,15
8143,379,0.0006187462433263798,35
8144,379,0.00042428313828094617,24
8145,379,0.00012374924866527596,7
8342,379,0.00028285542552063076,16
8343,379,0.0003889262100908673,22
8344,379,0.0011137432379874836,63
8345,379,0.00019446310504543364,11
8542,379,0.0002474984973305519,14
8543,379,0.00019446310504543364,11
8544,379,0.0008132093483718135,46
8742,379,0.0003889262100908673,22
8743,379,0.0007248170278966163,41
8744,379,0.00033589081780574905,19
8745,379,0.0001591061768553548,9
8942,379,0.000459640066471025,26
8943,379,0.0014849909839833115,84
8945,379,0.00021214156914047309,12
8946,379,0.00014142771276031538,8
8947,379,0.0005480323869462221,31
8948,379,0.00014142771276031538,8
9142,379,0.00044196160237598556,25
9143,379,0.000795530884276774,45
9144,379,0.00017678464095039422,10
9145,379,0.0008485662765618923,48
9146,379,0.0005657108510412615,32
9342,379,0.00012374924866527596,7
9343,379,0.0003182123537107096,18
9542,379,0.000459640066471025,26
9544,379,0.00042428313828094617,24
9545,379,3.5356928190078845e-05,2
9546,379,0.00010607078457023654,6
9742,379,0.00028285542552063076,16
9942,379,0.0003005338896156702,17
9943,379,0.0008132093483718135,46
9944,379,0.00019446310504543364,11
9945,379,0.00017678464095039422,10
9946,379,0.0003182123537107096,18
9947,379,0.00033589081780574905,19
9948,379,0.00010607078457023654,6
9949,379,0.0003182123537107096,18
9950,379,0.0001591061768553548,9
9951,379,0.0002474984973305519,14
9952,379,0.00010607078457023654,6
9953,379,0.0005480323869462221,31
9954,379,0.00010607078457023654,6
9955,379,0.0006187462433263798,35
10142,379,0.00035356928190078844,20
10342,379,0.0001591061768553548,9
10343,379,0.00033589081780574905,19
10344,379,0.00010607078457023654,6
10345,379,0.00012374924866527596,7
10346,379,0.0003182123537107096,18
10542,379,0.0014496340557932327,82
10742,379,5.303539228511827e-05,3
10743,379,0.0004066046741859067,23
10744,379,0.00012374924866527596,7
10745,379,0.0002474984973305519,14
10746,379,7.071385638015769e-05,4
10942,379,0.00017678464095039422,10
10943,379,0.0003712477459958279,21
10944,379,0.0001591061768553548,9
10945,379,8.839232047519711e-05,5
10946,379,0.00028285542552063076,16
10947,379,0.00021214156914047309,12
10948,379,0.0002474984973305519,14
10949,379,0.0005126754587561433,29
11142,379,0.00017678464095039422,10
11143,379,0.0006187462433263798,35
11144,379,0.00014142771276031538,8
11145,379,0.0002298200332355125,13
11146,379,0.0001591061768553548,9
11147,379,0.0002474984973305519,14
11342,379,0.00021214156914047309,12
11343,379,5.303539228511827e-05,3
11344,379,1.7678464095039423e-05,1
11345,379,0.0002474984973305519,14
11346,379,8.839232047519711e-05,5
11347,379,0.0002474984973305519,14
11348,379,0.0007071385638015769,40
11542,379,0.0002474984973305519,14
11543,379,0.0002474984973305519,14
11544,379,0.00019446310504543364,11
11545,379,8.839232047519711e-05,5
11742,379,0.00021214156914047309,12
11743,379,0.00026517696142559137,15
11744,379,7.071385638015769e-05,4
11942,379,0.00019446310504543364,11
12342,379,0.0003712477459958279,21
12343,379,0.00010607078457023654,6
12542,379,0.00026517696142559137,15
12543,379,0.0001591061768553548,9
12544,379,0.0003005338896156702,17
12545,379,0.00019446310504543364,11
12546,379,5.303539228511827e-05,3
12547,379,8.839232047519711e-05,5
12548,379,0.00042428313828094617,24
12549,379,0.0002474984973305519,14
12550,379,7.071385638015769e-05,4
12742,379,0.0005480323869462221,31
12743,379,3.5356928190078845e-05,2
12744,379,0.00026517696142559137,15
12942,379,8.839232047519711e-05,5
12943,379,1.7678464095039423e-05,1
13142,379,0.00026517696142559137,15
13342,379,5.303539228511827e-05,3
13542,379,5.303539228511827e-05,3
13543,379,0.00012374924866527596,7
13544,379,0.00026517696142559137,15
13742,379,5.303539228511827e-05,3
13743,379,0.0002298200332355125,13
13744,379,0.00012374924866527596,7
13745,379,7.071385638015769e-05,4
13746,379,0.0002474984973305519,14
13942,379,0.0001591061768553548,9
13943,379,0.0004066046741859067,23
14142,379,0.0002298200332355125,13
14143,379,0.00021214156914047309,12
14144,379,3.5356928190078845e-05,2
14145,379,0.00028285542552063076,16
14342,379,0.00028285542552063076,16
14343,379,5.303539228511827e-05,3
14344,379,0.0002474984973305519,14
14346,379,0.00014142771276031538,8
14347,379,0.00014142771276031538,8
14542,379,0.0006010677792313404,34
14543,379,0.00017678464095039422,10
14544,379,5.303539228511827e-05,3
14742,379,0.00033589081780574905,19
14743,397,0.006589785831960461,16
14744,379,0.00012374924866527596,7
14745,379,0.00014142771276031538,8
14746,379,0.00033589081780574905,19
14747,379,0.00012374924866527596,7
14748,379,0.0003005338896156702,17
14749,379,5.303539228511827e-05,3
14750,379,7.071385638015769e-05,4
14752,379,7.071385638015769e-05,4
14753,379,0.00012374924866527596,7
14754,379,0.00026517696142559137,15
14755,379,1.7678464095039423e-05,1
14756,379,0.00035356928190078844,20
14757,379,0.0003005338896156702,17
14758,379,0.00019446310504543364,11
14759,379,1.7678464095039423e-05,1
14760,379,0.00026517696142559137,15
14761,379,0.00014142771276031538,8
14942,379,0.00014142771276031538,8
14943,379,5.303539228511827e-05,3
15142,379,5.303539228511827e-05,3
15143,379,0.00017678464095039422,10
15144,379,0.00026517696142559137,15
15145,379,5.303539228511827e-05,3
15146,379,0.0001591061768553548,9
15147,379,0.00021214156914047309,12
15342,379,0.00012374924866527596,7
15343,379,5.303539228511827e-05,3
15344,379,0.00014142771276031538,8
15542,379,8.839232047519711e-05,5
15544,379,0.00010607078457023654,6
15545,379,0.0004066046741859067,23
15546,379,0.0001591061768553548,9
15742,379,5.303539228511827e-05,3
15942,379,3.5356928190078845e-05,2
15943,379,0.00010607078457023654,6
15944,379,0.0002298200332355125,13
15945,379,0.00014142771276031538,8
16143,379,0.00012374924866527596,7
16144,379,0.0001591061768553548,9
16342,379,0.00012374924866527596,7
16343,379,0.0001591061768553548,9
16344,383,0.001373060551970342,10
16346,379,0.00019446310504543364,11
16348,379,0.00017678464095039422,10
16349,379,0.00021214156914047309,12
16350,379,1.7678464095039423e-05,1
16351,379,7.071385638015769e-05,4
16353,379,0.00010607078457023654,6
16354,379,7.071385638015769e-05,4
16355,379,7.071385638015769e-05,4
16356,379,0.00017678464095039422,10
16542,379,5.303539228511827e-05,3
16543,379,7.071385638015769e-05,4
16544,379,8.839232047519711e-05,5
16545,379,7.071385638015769e-05,4
16546,379,0.0001591061768553548,9
16547,379,0.00014142771276031538,8
16548,379,3.5356928190078845e-05,2
16549,379,1.7678464095039423e-05,1
16550,379,0.00033589081780574905,19
16551,379,7.071385638015769e-05,4
16552,379,0.00033589081780574905,19
16554,379,5.303539228511827e-05,3
16555,379,5.303539228511827e-05,3
16556,379,0.0002474984973305519,14
16557,379,0.00012374924866527596,7
16743,379,8.839232047519711e-05,5
16744,379,5.303539228511827e-05,3
16745,379,7.071385638015769e-05,4
16746,379,1.7678464095039423e-05,1
16747,379,0.0002474984973305519,14
16748,379,0.00017678464095039422,10
16749,379,3.5356928190078845e-05,2
16750,379,5.303539228511827e-05,3
16751,379,0.00028285542552063076,16
16752,379,0.00010607078457023654,6
16754,379,0.00014142771276031538,8
16755,7145,0.006622516556291391,1
16756,379,5.303539228511827e-05,3
16757,379,0.00019446310504543364,11
16942,379,0.0002474984973305519,14
16943,379,7.071385638015769e-05,4
16944,379,0.00035356928190078844,20
16945,379,0.00010607078457023654,6
16946,379,5.303539228511827e-05,3
16947,379,7.071385638015769e-05,4
16948,379,3.5356928190078845e-05,2
16949,379,0.00026517696142559137,15
17142,379,8.839232047519711e-05,5
17143,379,0.0003889262100908673,22
17144,379,0.0002474984973305519,14
17145,379,8.839232047519711e-05,5
17146,379,7.071385638015769e-05,4
17147,379,0.00010607078457023654,6
17148,379,3.5356928190078845e-05,2
17149,379,0.00010607078457023654,6
17150,379,0.00012374924866527596,7
17151,379,0.00012374924866527596,7
17152,384,0.0015906680805938495,9
17153,379,0.00012374924866527596,7
17154,379,0.00012374924866527596,7
17155,379,0.0002474984973305519,14
17156,379,8.839232047519711e-05,5
17157,379,8.839232047519711e-05,5
17158,379,1.7678464095039423e-05,1
17159,379,0.0001591061768553548,9
17160,379,7.071385638015769e-05,4
17161,393,0.002936857562408223,8
17342,379,0.0003182123537107096,18
17343,379,3.5356928190078845e-05,2
17344,379,8.839232047519711e-05,5
17542,379,0.0001591061768553548,9
17742,379,5.303539228511827e-05,3
17743,379,0.00010607078457023654,6
17744,379,0.00012374924866527596,7
17745,379,0.0001591061768553548,9
17942,379,0.00014142771276031538,8
18142,379,5.303539228511827e-05,3
18542,379,8.839232047519711e-05,5
18543,379,5.303539228511827e-05,3
18544,379,3.5356928190078845e-05,2
18742,379,0.0001591061768553548,9
18743,379,5.303539228511827e-05,3
18942,379,3.5356928190078845e-05,2
19142,379,0.00010607078457023654,6
19143,379,3.5356928190078845e-05,2
19144,379,7.071385638015769e-05,4
19145,379,0.0001591061768553548,9
19342,379,8.839232047519711e-05,5
19343,379,7.071385638015769e-05,4
19344,379,1.7678464095039423e-05,1
19345,379,0.0002474984973305519,14
19346,379,0.00010607078457023654,6
19347,379,5.303539228511827e-05,3
19542,379,0.00010607078457023654,6
19543,379,3.5356928190078845e-05,2
19544,379,3.5356928190078845e-05,2
19545,379,8.839232047519711e-05,5
19546,379,1.7678464095039423e-05,1
19547,379,5.303539228511827e-05,3
19742,41957,0.05,1
19743,76377,0.17857142857142858,5
19744,379,1.7678464095039423e-05,1
19745,379,3.5356928190078845e-05,2
19747,379,1.7678464095039423e-05,1
19748,379,7.071385638015769e-05,4
19749,379,3.5356928190078845e-05,2
19750,379,0.00042428313828094617,24
19751,379,3.5356928190078845e-05,2
19752,2083,0.018703241895261846,15
19753,379,0.00010607078457023654,6
19755,379,0.00035356928190078844,20
19942,7145,0.006622516556291391,1
19943,379,8.839232047519711e-05,5
19944,379,0.00010607078457023654,6
19945,379,8.839232047519711e-05,5
19946,379,3.5356928190078845e-05,2
19947,379,1.7678464095039423e-05,1
19948,379,0.00014142771276031538,8
20142,379,0.0001591061768553548,9
20342,379,0.0002298200332355125,13
20343,379,5.303539228511827e-05,3
20344,379,1.7678464095039423e-05,1
20542,2083,0.008728179551122194,7
20543,379,8.839232047519711e-05,5
20544,379,3.5356928190078845e-05,2
20545,379,3.5356928190078845e-05,2
20546,379,1.7678464095039423e-05,1
20547,379,1.7678464095039423e-05,1
20548,379,7.071385638015769e-05,4
20742,379,3.5356928190078845e-05,2
20743,379,3.5356928190078845e-05,2
20744,379,3.5356928190078845e-05,2
20942,379,7.071385638015769e-05,4
20943,379,0.00014142771276031538,8
20944,379,0.00012374924866527596,7
20945,379,1.7678464095039423e-05,1
20946,379,5.303539228511827e-05,3
20947,379,0.00012374924866527596,7
20948,379,0.00026517696142559137,15
20949,379,5.303539228511827e-05,3
21342,379,0.00014142771276031538,8
21343,379,3.5356928190078845e-05,2
21344,379,0.00010607078457023654,6
21345,379,0.00019446310504543364,11
21346,379,3.5356928190078845e-05,2
21542,379,0.00017678464095039422,10
21543,379,1.7678464095039423e-05,1
21544,393,0.003303964757709251,9
21742,379,7.071385638015769e-05,4
21743,379,0.00012374924866527596,7
21744,379,8.839232047519711e-05,5
21942,379,3.5356928190078845e-05,2
22142,379,5.303539228511827e-05,3
22342,2342,0.006211180124223602,1
22542,379,0.0001591061768553548,9
22543,379,5.303539228511827e-05,3
22742,379,0.00019446310504543364,11
22743,379,3.5356928190078845e-05,2
22744,379,5.303539228511827e-05,3
22745,379,3.5356928190078845e-05,2
22746,379,1.7678464095039423e-05,1
22747,379,1.7678464095039423e-05,1
22946,379,1.7678464095039423e-05,1
22947,379,0.00010607078457023654,6
22948,379,0.00010607078457023654,6
22949,379,1.7678464095039423e-05,1
22950,1802,0.002506265664160401,1
22951,379,8.839232047519711e-05,5
22952,379,3.5356928190078845e-05,2
23151,379,3.5356928190078845e-05,2
23351,379,5.303539228511827e-05,3
23352,379,0.0001591061768553548,9
23353,379,0.00017678464095039422,10
23354,379,8.839232047519711e-05,5
23355,379,0.00012374924866527596,7
23356,379,0.00017678464095039422,10
23357,379,5.303539228511827e-05,3
23551,379,0.0002298200332355125,13
23552,379,5.303539228511827e-05,3
23554,379,1.7678464095039423e-05,1
23751,21542,0.019230769230769232,1
23752,379,8.839232047519711e-05,5
23753,379,3.5356928190078845e-05,2
23754,384,0.0012371862849063274,7
23951,379,3.5356928190078845e-05,2
23952,4142,0.0035971223021582736,1
24151,379,1.7678464095039423e-05,1
24551,379,0.00012374924866527596,7
24552,379,5.303539228511827e-05,3
24553,379,8.839232047519711e-05,5
24554,379,0.00012374924866527596,7
24751,379,8.839232047519711e-05,5
24752,379,5.303539228511827e-05,3
24753,379,7.071385638015769e-05,4
24951,379,5.303539228511827e-05,3
24952,379,8.839232047519711e-05,5
25151,379,0.00010607078457023654,6
25152,387,0.004628439187451787,18
25351,379,5.303539228511827e-05,3
25352,379,1.7678464095039423e-05,1
25353,384,0.0008837044892188052,5
25354,379,5.303539228511827e-05,3
25551,385,0.0030659172202350538,18
25552,379,5.303539228511827e-05,3
25553,379,5.303539228511827e-05,3
25554,379,1.7678464095039423e-05,1
25751,389,0.005311614730878187,15
25752,379,1.7678464095039423e-05,1
25951,379,8.839232047519711e-05,5
25952,379,8.839232047519711e-05,5
26151,379,1.7678464095039423e-05,1
26152,3944,0.0026064291920069507,3
26351,379,1.7678464095039423e-05,1
26352,379,5.303539228511827e-05,3
26551,379,1.7678464095039423e-05,1
26751,379,1.7678464095039423e-05,1
26951,379,0.00012374924866527596,7
26952,379,1.7678464095039423e-05,1
26953,379,1.7678464095039423e-05,1
27151,384,0.002297631671968894,13
27351,379,7.071385638015769e-05,4
27551,2144,0.005230125523012552,10
27552,379,5.303539228511827e-05,3
27553,379,5.303539228511827e-05,3
27554,379,0.0002474984973305519,14
27555,379,8.839232047519711e-05,5
27751,379,1.7678464095039423e-05,1
27951,379,3.5356928190078845e-05,2
27952,379,0.00010607078457023654,6
27953,379,1.7678464095039423e-05,1
27954,379,1.7678464095039423e-05,1
28151,379,1.7678464095039423e-05,1
28152,379,0.00014142771276031538,8
28153,379,7.071385638015769e-05,4
28154,379,8.839232047519711e-05,5
28155,379,8.839232047519711e-05,5
28351,379,3.5356928190078845e-05,2
28352,379,5.303539228511827e-05,3
28353,379,8.839232047519711e-05,5
28354,379,3.5356928190078845e-05,2
28551,379,3.5356928190078845e-05,2
28552,397,0.004530477759472817,11
28553,379,1.7678464095039423e-05,1
28554,379,5.303539228511827e-05,3
28555,379,0.00012374924866527596,7
28751,1842,0.0038580246913580245,5
28752,379,5.303539228511827e-05,3
28753,379,0.00021214156914047309,12
28951,382,0.001597444089456869,11
28952,2142,0.005460750853242321,8
28953,397,0.0012355848434925864,3
29151,379,8.839232047519711e-05,5
29551,379,1.7678464095039423e-05,1
29552,379,0.00010607078457023654,6
29553,379,1.7678464095039423e-05,1
29554,382,0.00130699970955562,9
29555,379,3.5356928190078845e-05,2
29556,11544,0.012875536480686695,3
29557,1842,0.005401234567901234,7
29558,397,0.012355848434925865,30
29559,17151,0.020833333333333332,1
29560,379,3.5356928190078845e-05,2
29951,379,5.303539228511827e-05,3
29952,379,3.5356928190078845e-05,2
29953,379,0.00010607078457023654,6
29954,379,1.7678464095039423e-05,1
29955,379,7.071385638015769e-05,4
29956,379,3.5356928190078845e-05,2
29957,379,3.5356928190078845e-05,2
29958,379,7.071385638015769e-05,4
30151,379,3.5356928190078845e-05,2
30152,379,5.303539228511827e-05,3
30153,379,0.00012374924866527596,7
30154,379,3.5356928190078845e-05,2
30155,379,0.0001591061768553548,9
30351,379,0.00010607078457023654,6
30352,379,3.5356928190078845e-05,2
30353,379,5.303539228511827e-05,3
30354,379,1.7678464095039423e-05,1
30355,379,3.5356928190078845e-05,2
30356,379,0.00010607078457023654,6
30551,383,0.001510366607167376,11
30552,8342,0.010582010582010581,2
30553,379,1.7678464095039423e-05,1
30554,379,1.7678464095039423e-05,1
30555,379,3.5356928190078845e-05,2
31151,379,7.071385638015769e-05,4
31152,85764,0.015873015873015872,1
31153,379,5.303539228511827e-05,3
31353,379,0.00019446310504543364,11
31551,379,7.071385638015769e-05,4
31552,379,1.7678464095039423e-05,1
31553,379,7.071385638015769e-05,4
31554,379,1.7678464095039423e-05,1
31555,379,1.7678464095039423e-05,1
31751,379,7.071385638015769e-05,4
31752,38758,0.029411764705882353,2
31951,379,1.7678464095039423e-05,1
32151,379,8.839232047519711e-05,5
32551,379,1.7678464095039423e-05,1
32552,110564,0.07692307692307693,1
32553,379,0.00010607078457023654,6
32554,379,1.7678464095039423e-05,1
32954,379,0.0001591061768553548,9
32955,379,0.00021214156914047309,12
32956,379,3.5356928190078845e-05,2
32957,397,0.002883031301482702,7
32958,379,3.5356928190078845e-05,2
33154,379,0.00010607078457023654,6
33156,379,0.00019446310504543364,11
33354,379,3.5356928190078845e-05,2
33554,379,3.5356928190078845e-05,2
33754,379,7.071385638015769e-05,4
33756,379,5.303539228511827e-05,3
33757,13742,0.015503875968992248,2
33956,383,0.0010984484415762735,8
33957,1822,0.003123048094940662,5
33958,379,1.7678464095039423e-05,1
34156,379,0.0003889262100908673,22
34157,379,7.071385638015769e-05,4
34158,379,5.303539228511827e-05,3
34357,379,5.303539228511827e-05,3
34359,379,3.5356928190078845e-05,2
34360,379,3.5356928190078845e-05,2
34361,379,3.5356928190078845e-05,2
34362,379,1.7678464095039423e-05,1
34363,379,3.5356928190078845e-05,2
34364,379,5.303539228511827e-05,3
34556,379,3.5356928190078845e-05,2
34557,379,1.7678464095039423e-05,1
34558,379,7.071385638015769e-05,4
34559,379,0.00010607078457023654,6
34560,379,1.7678464095039423e-05,1
34561,379,1.7678464095039423e-05,1
34756,379,5.303539228511827e-05,3
34757,384,0.0012371862849063274,7
34758,379,1.7678464095039423e-05,1
34956,397,0.007413509060955519,18
34957,5346,0.003693444136657433,4
35156,379,0.00019446310504543364,11
35356,394,0.007171671896010758,16
35357,41957,0.05,1
35358,383,0.0009611423863792394,7
35556,379,0.00017678464095039422,10
35557,14543,0.014285714285714285,3
35558,379,0.00010607078457023654,6
35756,379,7.071385638015769e-05,4
35956,17744,0.02040816326530612,1
35957,379,7.071385638015769e-05,4
36156,379,3.5356928190078845e-05,2
36157,379,7.071385638015769e-05,4
36158,379,1.7678464095039423e-05,1
36356,379,8.839232047519711e-05,5
36556,379,8.839232047519711e-05,5
36557,379,3.5356928190078845e-05,2
36558,379,1.7678464095039423e-05,1
36559,379,0.00012374924866527596,7
36756,379,0.00012374924866527596,7
36757,379,5.303539228511827e-05,3
36758,379,1.7678464095039423e-05,1
36759,384,0.002297631671968894,13
36760,379,3.5356928190078845e-05,2
36761,379,0.00017678464095039422,10
36956,379,3.5356928190078845e-05,2
37156,379,0.00014142771276031538,8
37157,387,0.004885574697865775,19
37158,379,8.839232047519711e-05,5
37356,379,1.7678464095039423e-05,1
37357,379,0.00012374924866527596,7
37556,379,3.5356928190078845e-05,2
37756,379,1.7678464095039423e-05,1
37757,379,7.071385638015769e-05,4
37956,379,3.5356928190078845e-05,2
38156,393,0.0018355359765051395,5
38157,379,1.7678464095039423e-05,1
38158,41957,0.05,1
38159,379,3.5356928190078845e-05,2
38160,379,5.303539228511827e-05,3
38161,2145,0.003499562554680665,4
38356,379,1.7678464095039423e-05,1
38357,379,0.00012374924866527596,7
38358,379,1.7678464095039423e-05,1
38359,379,0.0001591061768553548,9
38360,5344,0.005291005291005291,2
38361,379,5.303539228511827e-05,3
38362,394,0.003585835948005379,8
38556,379,0.0003005338896156702,17
38557,379,5.303539228511827e-05,3
38756,379,1.7678464095039423e-05,1
38758,379,7.071385638015769e-05,4
38956,379,3.5356928190078845e-05,2
38960,379,8.839232047519711e-05,5
38961,379,0.00010607078457023654,6
39156,379,3.5356928190078845e-05,2
39157,379,1.7678464095039423e-05,1
39158,379,0.00019446310504543364,11
39159,379,3.5356928190078845e-05,2
39160,379,1.7678464095039423e-05,1
39161,379,5.303539228511827e-05,3
39162,379,7.071385638015769e-05,4
39356,379,1.7678464095039423e-05,1
39357,379,1.7678464095039423e-05,1
39358,379,5.303539228511827e-05,3
39556,379,5.303539228511827e-05,3
39557,1882,0.0009813542688910696,1
39756,379,0.00012374924866527596,7
39958,382,0.0008713331397037467,6
39959,379,7.071385638015769e-05,4
39960,379,3.5356928190078845e-05,2
40156,379,3.5356928190078845e-05,2
40157,10542,0.0025906735751295338,1
40356,379,1.7678464095039423e-05,1
40356,125563,0.3333333333333333,1
40556,379,0.00010607078457023654,6
40756,379,7.071385638015769e-05,4
40757,379,7.071385638015769e-05,4
40758,379,1.7678464095039423e-05,1
40759,379,0.00010607078457023654,6
40760,5343,0.004081632653061225,1
40956,379,3.5356928190078845e-05,2
41156,43556,0.045454545454545456,1
41157,379,0.0001591061768553548,9
41356,379,8.839232047519711e-05,5
41357,379,1.7678464095039423e-05,1
41556,379,0.00012374924866527596,7
41557,3543,0.018218623481781375,18
41756,379,1.7678464095039423e-05,1
41757,379,1.7678464095039423e-05,1
41956,379,0.00012374924866527596,7
41957,379,3.5356928190078845e-05,2
41958,379,7.071385638015769e-05,4
42156,379,0.0001591061768553548,9
42356,393,0.0025697503671071953,7
42357,397,0.0032948929159802307,8
42358,379,5.303539228511827e-05,3
42359,379,7.071385638015769e-05,4
42556,393,0.002936857562408223,8
42756,7145,0.019867549668874173,3
42757,379,1.7678464095039423e-05,1
42758,379,3.5356928190078845e-05,2
42956,379,5.303539228511827e-05,3
42957,2023,0.006055363321799308,7
42958,379,0.0001591061768553548,9
43156,379,0.00010607078457023654,6
43157,379,5.303539228511827e-05,3
43158,379,5.303539228511827e-05,3
43356,1682,0.001557632398753894,1
43556,379,3.5356928190078845e-05,2
43756,379,1.7678464095039423e-05,1
43757,1982,0.005376344086021506,4
43758,379,5.303539228511827e-05,3
43956,379,7.071385638015769e-05,4
43957,394,0.0017929179740026895,4
44156,379,1.7678464095039423e-05,1
44356,379,1.7678464095039423e-05,1
44357,379,5.303539228511827e-05,3
44556,379,7.071385638015769e-05,4
44557,13943,0.00784313725490196,4
44558,379,5.303539228511827e-05,3
44559,379,7.071385638015769e-05,4
44756,379,5.303539228511827e-05,3
44956,379,1.7678464095039423e-05,1
45156,379,7.071385638015769e-05,4
45157,379,7.071385638015769e-05,4
45356,379,1.7678464095039423e-05,1
45357,19944,0.04854368932038835,5
45358,383,0.0017849787175614445,13
45556,379,0.0001591061768553548,9
45756,386,0.00354924578527063,16
45956,379,0.0002298200332355125,13
45957,379,1.7678464095039423e-05,1
45958,32954,0.02127659574468085,1
45959,379,5.303539228511827e-05,3
45960,379,7.071385638015769e-05,4
45961,379,7.071385638015769e-05,4
45962,382,0.0011617775196049957,8
46156,379,1.7678464095039423e-05,1
46157,379,8.839232047519711e-05,5
46158,379,0.00012374924866527596,7
46159,379,7.071385638015769e-05,4
46556,379,3.5356928190078845e-05,2
46557,379,7.071385638015769e-05,4
46558,379,1.7678464095039423e-05,1
46756,379,7.071385638015769e-05,4
46757,379,3.5356928190078845e-05,2
46758,379,5.303539228511827e-05,3
46956,2105,0.0017667844522968198,1
46957,379,3.5356928190078845e-05,2
46958,382,0.001887888469358118,13
47156,379,3.5356928190078845e-05,2
47357,379,7.071385638015769e-05,4
47556,379,5.303539228511827e-05,3
47756,379,7.071385638015769e-05,4
47956,379,1.7678464095039423e-05,1
48156,379,3.5356928190078845e-05,2
48356,379,0.0001591061768553548,9
48556,379,1.7678464095039423e-05,1
48756,387,0.00025713551041398817,1
48956,387,0.003342761635381846,13
48957,379,1.7678464095039423e-05,1
48958,382,0.0011617775196049957,8
49156,379,0.0003005338896156702,17
49157,384,0.0003534817956875221,2
49158,8946,0.01873536299765808,8
49159,30155,0.013157894736842105,1
49160,379,7.071385638015769e-05,4
49356,379,3.5356928190078845e-05,2
49357,10542,0.0025906735751295338,1
49358,379,1.7678464095039423e-05,1
49359,380,0.0055479953941170316,53
49757,379,8.839232047519711e-05,5
49956,379,1.7678464095039423e-05,1
49957,379,7.071385638015769e-05,4
49958,379,1.7678464095039423e-05,1
49959,379,7.071385638015769e-05,4
50156,1822,0.003123048094940662,5
50157,379,1.7678464095039423e-05,1
50158,379,5.303539228511827e-05,3
50356,379,1.7678464095039423e-05,1
50357,379,8.839232047519711e-05,5
50556,379,5.303539228511827e-05,3
50557,2144,0.005753138075313808,11
50558,379,3.5356928190078845e-05,2
50559,379,5.303539228511827e-05,3
50560,379,0.00014142771276031538,8
50561,379,0.00014142771276031538,8
50758,10942,0.023255813953488372,2
50958,383,0.000686530275985171,5
50959,379,3.5356928190078845e-05,2
51158,379,3.5356928190078845e-05,2
51159,379,3.5356928190078845e-05,2
51160,379,7.071385638015769e-05,4
51359,379,3.5356928190078845e-05,2
51360,384,0.0007069635913750442,4
51558,379,1.7678464095039423e-05,1
51758,379,5.303539228511827e-05,3
51759,379,3.5356928190078845e-05,2
51760,379,0.00012374924866527596,7
51761,379,5.303539228511827e-05,3
51762,379,0.00010607078457023654,6
51763,379,0.00012374924866527596,7
51764,11347,0.01818181818181818,1
51765,379,1.7678464095039423e-05,1
51958,6146,0.009174311926605505,8
51959,379,7.071385638015769e-05,4
51960,379,8.839232047519711e-05,5
51961,379,5.303539228511827e-05,3
51962,379,5.303539228511827e-05,3
51963,379,7.071385638015769e-05,4
51964,379,3.5356928190078845e-05,2
52158,116763,0.07692307692307693,1
52159,379,8.839232047519711e-05,5
52160,379,8.839232047519711e-05,5
52358,1822,0.008744534665833853,14
52558,384,0.0017674089784376105,10
52758,379,5.303539228511827e-05,3
52759,6742,0.024691358024691357,16
52760,379,1.7678464095039423e-05,1
52958,384,0.0014139271827500884,8
53158,379,0.00010607078457023654,6
53358,379,5.303539228511827e-05,3
53558,379,0.00014142771276031538,8
53559,379,3.5356928190078845e-05,2
53560,379,1.7678464095039423e-05,1
53561,383,0.0005492242207881368,4
53758,379,1.7678464095039423e-05,1
53958,379,7.071385638015769e-05,4
54158,9945,0.032846715328467155,9
54159,379,1.7678464095039423e-05,1
54358,379,1.7678464095039423e-05,1
54558,379,1.7678464095039423e-05,1
54758,16353,0.027777777777777776,1
54759,11147,0.006153846153846154,2
54760,379,1.7678464095039423e-05,1
54761,27554,0.012658227848101266,1
55158,20947,0.038461538461538464,2
55159,379,1.7678464095039423e-05,1
55160,13942,0.023529411764705882,10
55358,379,3.5356928190078845e-05,2
55359,379,1.7678464095039423e-05,1
55360,379,7.071385638015769e-05,4
55361,379,8.839232047519711e-05,5
55362,379,1.7678464095039423e-05,1
55558,379,5.303539228511827e-05,3
55559,379,0.00012374924866527596,7
55758,379,1.7678464095039423e-05,1
55958,23951,0.09090909090909091,3
55959,379,0.0001591061768553548,9
56158,379,3.5356928190078845e-05,2
56159,379,3.5356928190078845e-05,2
56160,379,0.00010607078457023654,6
56161,379,5.303539228511827e-05,3
56162,379,7.071385638015769e-05,4
56163,379,8.839232047519711e-05,5
56358,379,1.7678464095039423e-05,1
56359,379,3.5356928190078845e-05,2
56558,379,5.303539228511827e-05,3
56958,379,1.7678464095039423e-05,1
57158,379,0.00010607078457023654,6
57358,379,8.839232047519711e-05,5
57359,1882,0.0009813542688910696,1
57558,379,1.7678464095039423e-05,1
57758,379,7.071385638015769e-05,4
57759,394,0.0017929179740026895,4
57958,379,8.839232047519711e-05,5
58158,379,5.303539228511827e-05,3
58159,379,1.7678464095039423e-05,1
58358,379,0.00021214156914047309,12
58558,379,1.7678464095039423e-05,1
58559,379,1.7678464095039423e-05,1
58758,379,5.303539228511827e-05,3
58759,379,8.839232047519711e-05,5
58958,2944,0.00477326968973747,2
59358,379,0.00017678464095039422,10
59359,379,1.7678464095039423e-05,1
59360,379,0.00012374924866527596,7
59361,379,5.303539228511827e-05,3
59362,1762,0.001443001443001443,1
59558,379,3.5356928190078845e-05,2
59559,8344,0.00267379679144385,1
59560,393,0.0025697503671071953,7
59561,379,0.00010607078457023654,6
59562,379,3.5356928190078845e-05,2
59758,395,0.0010706638115631692,2
59959,379,1.7678464095039423e-05,1
60158,379,3.5356928190078845e-05,2
60159,379,1.7678464095039423e-05,1
60358,379,1.7678464095039423e-05,1
60558,397,0.002883031301482702,7
60559,379,1.7678464095039423e-05,1
60560,379,1.7678464095039423e-05,1
60561,379,3.5356928190078845e-05,2
60562,379,0.00012374924866527596,7
60758,379,1.7678464095039423e-05,1
60759,379,8.839232047519711e-05,5
60760,379,5.303539228511827e-05,3
60761,379,1.7678464095039423e-05,1
60762,379,1.7678464095039423e-05,1
60958,379,1.7678464095039423e-05,1
60959,379,5.303539228511827e-05,3
60960,383,0.0002746121103940684,2
61158,379,5.303539228511827e-05,3
61159,3944,0.0034752389226759338,4
61358,379,8.839232047519711e-05,5
61558,395,0.0005353319057815846,1
61559,379,5.303539228511827e-05,3
61758,379,3.5356928190078845e-05,2
61958,379,7.071385638015769e-05,4
61959,379,1.7678464095039423e-05,1
61960,379,3.5356928190078845e-05,2
61961,379,7.071385638015769e-05,4
61962,379,1.7678464095039423e-05,1
61963,1962,0.0070921985815602835,6
62158,379,5.303539228511827e-05,3
62159,379,3.5356928190078845e-05,2
62358,379,8.839232047519711e-05,5
62558,16550,0.005050505050505051,1
62758,1962,0.001182033096926714,1
62958,379,0.00010607078457023654,6
63158,384,0.002474372569812655,14
63159,379,5.303539228511827e-05,3
63358,379,8.839232047519711e-05,5
63359,379,0.00012374924866527596,7
63360,4144,0.0015748031496062992,1
63558,379,3.5356928190078845e-05,2
63559,379,3.5356928190078845e-05,2
63758,379,5.303539228511827e-05,3
63958,379,3.5356928190078845e-05,2
63959,379,1.7678464095039423e-05,1
63960,389,0.0028328611898017,8
64158,379,3.5356928190078845e-05,2
64159,379,5.303539228511827e-05,3
64358,379,5.303539228511827e-05,3
64558,379,0.00028285542552063076,16
64559,2142,0.0034129692832764505,5
64560,379,1.7678464095039423e-05,1
64561,379,1.7678464095039423e-05,1
64758,379,8.839232047519711e-05,5
64759,28752,0.018867924528301886,1
64760,379,5.303539228511827e-05,3
64958,379,3.5356928190078845e-05,2
65158,384,0.003711558854718982,21
65159,379,5.303539228511827e-05,3
65160,7742,0.0029498525073746312,1
65162,379,3.5356928190078845e-05,2
65163,379,1.7678464095039423e-05,1
65164,379,1.7678464095039423e-05,1
65358,383,0.0002746121103940684,2
65359,379,5.303539228511827e-05,3
65360,2105,0.0017667844522968198,1
65361,379,5.303539228511827e-05,3
65558,379,1.7678464095039423e-05,1
65559,379,3.5356928190078845e-05,2
65560,379,5.303539228511827e-05,3
65561,379,1.7678464095039423e-05,1
65758,379,3.5356928190078845e-05,2
65958,379,7.071385638015769e-05,4
66158,379,3.5356928190078845e-05,2
66159,379,8.839232047519711e-05,5
66160,379,0.00012374924866527596,7
66161,379,3.5356928190078845e-05,2
66162,379,3.5356928190078845e-05,2
66358,379,3.5356928190078845e-05,2
66359,2084,0.0076824583866837385,12
66558,379,1.7678464095039423e-05,1
66758,379,7.071385638015769e-05,4
66759,379,5.303539228511827e-05,3
66959,379,1.7678464095039423e-05,1
66960,72169,0.05263157894736842,1
67158,379,1.7678464095039423e-05,1
67159,379,3.5356928190078845e-05,2
67160,379,0.00019446310504543364,11
67358,69763,0.0196078431372549,1
67359,379,1.7678464095039423e-05,1
67558,379,5.303539228511827e-05,3
67559,379,0.00021214156914047309,12
67560,379,0.00010607078457023654,6
67561,379,3.5356928190078845e-05,2
67758,379,3.5356928190078845e-05,2
67958,379,1.7678464095039423e-05,1
67959,4544,0.003424657534246575,1
67960,383,0.000686530275985171,5
67961,379,5.303539228511827e-05,3
67962,379,3.5356928190078845e-05,2
68158,379,5.303539228511827e-05,3
68358,379,1.7678464095039423e-05,1
68359,379,1.7678464095039423e-05,1
68558,379,1.7678464095039423e-05,1
68559,379,0.0003712477459958279,21
68758,379,5.303539228511827e-05,3
68759,379,3.5356928190078845e-05,2
68958,384,0.0012371862849063274,7
69158,379,1.7678464095039423e-05,1
69358,379,7.071385638015769e-05,4
69359,379,3.5356928190078845e-05,2
69360,379,1.7678464095039423e-05,1
69361,379,1.7678464095039423e-05,1
69362,379,1.7678464095039423e-05,1
69363,384,0.0012371862849063274,7
69364,379,3.5356928190078845e-05,2
69365,379,1.7678464095039423e-05,1
69366,379,1.7678464095039423e-05,1
69367,379,5.303539228511827e-05,3
69369,379,3.5356928190078845e-05,2
69370,379,5.303539228511827e-05,3
69371,392,0.0026030368763557484,6
69372,379,5.303539228511827e-05,3
69373,391,0.0009132420091324201,3
69374,379,0.00017678464095039422,10
69375,8144,0.012433392539964476,7
69376,379,5.303539228511827e-05,3
69377,379,1.7678464095039423e-05,1
69378,379,1.7678464095039423e-05,1
69379,379,1.7678464095039423e-05,1
69381,379,5.303539228511827e-05,3
69382,379,1.7678464095039423e-05,1
69383,379,3.5356928190078845e-05,2
69384,69804,0.030303030303030304,1
69385,384,0.002651113467656416,15
69386,394,0.002689376961004034,6
69387,379,1.7678464095039423e-05,1
69388,379,5.303539228511827e-05,3
69389,45157,0.05454545454545454,3
69390,379,7.071385638015769e-05,4
69391,379,3.5356928190078845e-05,2
69392,379,1.7678464095039423e-05,1
69393,379,1.7678464095039423e-05,1
69394,4342,0.009915014164305949,7
69395,379,1.7678464095039423e-05,1
69396,379,5.303539228511827e-05,3
69397,379,8.839232047519711e-05,5
69398,379,3.5356928190078845e-05,2
69399,379,5.303539228511827e-05,3
69400,1722,0.0030864197530864196,1
69558,379,1.7678464095039423e-05,1
69559,379,1.7678464095039423e-05,1
69560,379,1.7678464095039423e-05,1
69561,379,1.7678464095039423e-05,1
69562,379,3.5356928190078845e-05,2
69563,379,8.839232047519711e-05,5
69564,379,1.7678464095039423e-05,1
69565,379,1.7678464095039423e-05,1
69566,8345,0.011019283746556474,4
69567,390,0.008242787560884226,22
69568,76174,0.08,2
69569,379,0.00014142771276031538,8
69570,381,0.0004580152671755725,3
69571,379,3.5356928190078845e-05,2
69572,87768,0.05263157894736842,1
69573,3142,0.013089005235602094,10
69574,2742,0.003305785123966942,2
69575,379,1.7678464095039423e-05,1
69575,69575,1.0,4
69576,379,5.303539228511827e-05,3
69577,379,5.303539228511827e-05,3
69578,379,5.303539228511827e-05,3
69579,80164,0.07692307692307693,1
69580,379,1.7678464095039423e-05,1
69581,379,1.7678464095039423e-05,1
69582,379,0.00014142771276031538,8
69583,8543,0.009983361064891847,6
69585,379,8.839232047519711e-05,5
69586,379,3.5356928190078845e-05,2
69587,379,5.303539228511827e-05,3
69588,394,0.003585835948005379,8
69589,379,5.303539228511827e-05,3
69758,379,3.5356928190078845e-05,2
69759,391,0.0012176560121765602,4
69760,379,1.7678464095039423e-05,1
69761,379,1.7678464095039423e-05,1
69762,379,7.071385638015769e-05,4
69763,379,7.071385638015769e-05,4
69764,379,3.5356928190078845e-05,2
69765,79969,0.25,1
69766,379,1.7678464095039423e-05,1
69767,379,7.071385638015769e-05,4
69768,379,3.5356928190078845e-05,2
69769,3543,0.005060728744939271,5
69770,2944,0.002386634844868735,1
69771,6743,0.0045906656465187455,6
69772,3942,0.005550416281221091,6
69773,5742,0.008528784648187633,4
69774,45358,0.02857142857142857,1
69775,379,5.303539228511827e-05,3
69776,379,7.071385638015769e-05,4
69777,390,0.0022480329711502436,6
69779,384,0.0008837044892188052,5
69780,379,1.7678464095039423e-05,1
69781,379,3.5356928190078845e-05,2
69782,379,3.5356928190078845e-05,2
69783,379,1.7678464095039423e-05,1
69784,379,1.7678464095039423e-05,1
69785,379,0.00010607078457023654,6
69786,3143,0.010956175298804782,11
69787,396,0.002582866982350409,6
69788,1842,0.006944444444444444,9
69789,379,7.071385638015769e-05,4
69790,379,3.5356928190078845e-05,2
69791,383,0.0005492242207881368,4
69792,379,3.5356928190078845e-05,2
69793,379,0.00012374924866527596,7
69794,379,5.303539228511827e-05,3
69795,379,7.071385638015769e-05,4
69796,379,3.5356928190078845e-05,2
69797,379,1.7678464095039423e-05,1
69798,379,1.7678464095039423e-05,1
69799,75975,0.1,1
69800,379,7.071385638015769e-05,4
69801,379,1.7678464095039423e-05,1
69802,379,7.071385638015769e-05,4
69803,379,3.5356928190078845e-05,2
69804,379,0.00010607078457023654,6
69805,393,0.0025697503671071953,7
69806,379,1.7678464095039423e-05,1
69807,1902,0.0008865248226950354,1
69808,2104,0.016238159675236806,12
69809,379,1.7678464095039423e-05,1
69810,71186,0.0392156862745098,2
69812,379,3.5356928190078845e-05,2
69813,381,0.0004580152671755725,3
69814,14542,0.005376344086021506,1
69815,2042,0.002881844380403458,1
69816,379,1.7678464095039423e-05,1
69817,379,8.839232047519711e-05,5
69818,379,1.7678464095039423e-05,1
69819,379,1.7678464095039423e-05,1
69820,379,5.303539228511827e-05,3
69821,379,1.7678464095039423e-05,1
69822,379,0.00010607078457023654,6
69823,379,1.7678464095039423e-05,1
69824,6742,0.006172839506172839,4
69826,380,0.0009421124254160996,9
69827,399,0.002294630564479119,5
69828,16554,0.05263157894736842,2
69829,379,1.7678464095039423e-05,1
69830,379,1.7678464095039423e-05,1
69831,395,0.0005353319057815846,1
69832,379,3.5356928190078845e-05,2
69833,379,1.7678464095039423e-05,1
69834,379,3.5356928190078845e-05,2
69835,379,1.7678464095039423e-05,1
69837,379,3.5356928190078845e-05,2
69838,379,3.5356928190078845e-05,2
69839,2942,0.00211864406779661,1
69840,379,5.303539228511827e-05,3
69841,379,1.7678464095039423e-05,1
69842,379,8.839232047519711e-05,5
69843,379,3.5356928190078845e-05,2
69844,379,5.303539228511827e-05,3
69845,379,1.7678464095039423e-05,1
69846,9944,0.018779342723004695,4
69847,379,3.5356928190078845e-05,2
69848,379,1.7678464095039423e-05,1
69849,379,5.303539228511827e-05,3
69850,379,5.303539228511827e-05,3
69851,379,5.303539228511827e-05,3
69852,379,5.303539228511827e-05,3
69853,12545,0.024291497975708502,6
69854,379,1.7678464095039423e-05,1
69855,379,3.5356928190078845e-05,2
69856,390,0.0007493443237167478,2
69857,379,1.7678464095039423e-05,1
69958,2084,0.008322663252240717,13
69959,110564,0.07692307692307693,1
69960,379,1.7678464095039423e-05,1
69961,393,0.0018355359765051395,5
69962,379,8.839232047519711e-05,5
69963,397,0.0016474464579901153,4
69964,379,3.5356928190078845e-05,2
69965,379,5.303539228511827e-05,3
69966,379,1.7678464095039423e-05,1
69967,379,3.5356928190078845e-05,2
69968,379,1.7678464095039423e-05,1
69969,395,0.0005353319057815846,1
69970,379,1.7678464095039423e-05,1
69971,379,3.5356928190078845e-05,2
69972,379,3.5356928190078845e-05,2
69973,379,7.071385638015769e-05,4
69974,86173,0.1,2
69975,379,5.303539228511827e-05,3
69976,379,1.7678464095039423e-05,1
69977,379,3.5356928190078845e-05,2
69978,6747,0.0045871559633027525,3
69979,379,3.5356928190078845e-05,2
69980,9945,0.014598540145985401,4
69981,379,3.5356928190078845e-05,2
69982,379,7.071385638015769e-05,4
69983,2142,0.0027303754266211604,4
69984,6542,0.013157894736842105,2
69985,379,3.5356928190078845e-05,2
69986,379,3.5356928190078845e-05,2
70158,397,0.0008237232289950577,2
70159,379,5.303539228511827e-05,3
70160,379,3.5356928190078845e-05,2
70161,384,0.0007069635913750442,4
70162,388,0.002116082224909311,7
70163,382,0.001887888469358118,13
70164,379,1.7678464095039423e-05,1
70165,379,1.7678464095039423e-05,1
70166,10944,0.017241379310344827,1
70168,379,1.7678464095039423e-05,1
70169,379,1.7678464095039423e-05,1
70170,84962,0.03896103896103896,3
70171,379,8.839232047519711e-05,5
70172,70387,0.03571428571428571,1
70173,384,0.0010604453870625664,6
70174,379,1.7678464095039423e-05,1
70175,379,1.7678464095039423e-05,1
70176,379,1.7678464095039423e-05,1
70177,379,1.7678464095039423e-05,1
70178,379,3.5356928190078845e-05,2
70179,379,7.071385638015769e-05,4
70180,385,0.000510986203372509,3
70181,379,1.7678464095039423e-05,1
70182,2147,0.011787819253438114,12
70183,379,0.00012374924866527596,7
70184,379,1.7678464095039423e-05,1
70185,11544,0.017167381974248927,4
70186,381,0.001068702290076336,7
70187,379,5.303539228511827e-05,3
70188,379,0.00012374924866527596,7
70189,380,0.002512299801109599,24
70190,385,0.00340657468915006,20
70191,379,3.5356928190078845e-05,2
70192,384,0.00335807705903146,19
70193,379,3.5356928190078845e-05,2
70194,399,0.0027535566773749425,6
70195,379,3.5356928190078845e-05,2
70196,379,3.5356928190078845e-05,2
70197,379,1.7678464095039423e-05,1
70198,379,5.303539228511827e-05,3
70199,384,0.0010604453870625664,6
70200,379,3.5356928190078845e-05,2
70201,379,3.5356928190078845e-05,2
70202,379,3.5356928190078845e-05,2
70203,397,0.0008237232289950577,2
70204,383,0.0005492242207881368,4
70205,379,3.5356928190078845e-05,2
70206,379,0.0001591061768553548,9
70207,379,5.303539228511827e-05,3
70208,383,0.0016476726623644103,12
70209,379,3.5356928190078845e-05,2
70210,379,0.00010607078457023654,6
70211,379,3.5356928190078845e-05,2
70212,379,1.7678464095039423e-05,1
70358,379,5.303539228511827e-05,3
70359,5742,0.0021321961620469083,1
70360,383,0.0008238363311822051,6
70361,388,0.0024183796856106408,8
70362,2142,0.0020477815699658703,3
70363,379,5.303539228511827e-05,3
70364,71187,0.08695652173913043,2
70365,379,1.7678464095039423e-05,1
70366,6143,0.004405286343612335,1
70367,8948,0.025477707006369428,4
70368,2145,0.004374453193350831,5
70369,379,5.303539228511827e-05,3
70370,379,3.5356928190078845e-05,2
70371,391,0.005175038051750381,17
70372,2142,0.0006825938566552901,1
70373,379,3.5356928190078845e-05,2
70374,379,1.7678464095039423e-05,1
70375,379,5.303539228511827e-05,3
70376,69767,0.041666666666666664,2
70377,11545,0.027777777777777776,1
70378,379,1.7678464095039423e-05,1
70379,387,0.0025713551041398816,10
70380,379,5.303539228511827e-05,3
70381,379,8.839232047519711e-05,5
70382,379,7.071385638015769e-05,4
70383,379,7.071385638015769e-05,4
70384,379,8.839232047519711e-05,5
70385,379,1.7678464095039423e-05,1
70386,101963,0.3333333333333333,2
70387,379,5.303539228511827e-05,3
70388,379,3.5356928190078845e-05,2
70389,1682,0.001557632398753894,1
70390,379,3.5356928190078845e-05,2
70391,379,5.303539228511827e-05,3
70392,391,0.00213089802130898,7
70393,379,1.7678464095039423e-05,1
70394,379,1.7678464095039423e-05,1
70558,379,3.5356928190078845e-05,2
70559,379,1.7678464095039423e-05,1
70560,379,3.5356928190078845e-05,2
70561,379,7.071385638015769e-05,4
70562,379,5.303539228511827e-05,3
70758,393,0.002936857562408223,8
70759,379,1.7678464095039423e-05,1
70760,2145,0.004374453193350831,5
70761,379,5.303539228511827e-05,3
70762,379,3.5356928190078845e-05,2
70958,379,3.5356928190078845e-05,2
70959,394,0.004930524428507396,11
70960,379,1.7678464095039423e-05,1
70962,379,1.7678464095039423e-05,1
70963,384,0.0012371862849063274,7
70964,379,3.5356928190078845e-05,2
70965,16349,0.010526315789473684,1
70966,379,1.7678464095039423e-05,1
70967,379,0.00010607078457023654,6
70968,379,1.7678464095039423e-05,1
70969,379,3.5356928190078845e-05,2
70970,379,3.5356928190078845e-05,2
70972,379,7.071385638015769e-05,4
70973,379,1.7678464095039423e-05,1
71158,381,0.0012213740458015267,8
71159,382,0.0008713331397037467,6
71161,379,8.839232047519711e-05,5
71162,379,3.5356928190078845e-05,2
71163,379,5.303539228511827e-05,3
71164,38358,0.01282051282051282,1
71165,393,0.0018355359765051395,5
71166,379,1.7678464095039423e-05,1
71168,19542,0.015625,1
71169,6742,0.024691358024691357,16
71170,84765,0.014084507042253521,1
71171,379,1.7678464095039423e-05,1
71172,2103,0.004669779853235491,7
71173,379,1.7678464095039423e-05,1
71174,379,1.7678464095039423e-05,1
71175,379,7.071385638015769e-05,4
71176,2083,0.007481296758104738,6
71177,7142,0.0012121212121212121,1
71178,55959,0.02127659574468085,1
71179,379,1.7678464095039423e-05,1
71180,379,3.5356928190078845e-05,2
71181,395,0.0005353319057815846,1
71182,9146,0.0070921985815602835,1
71183,379,1.7678464095039423e-05,1
71184,124763,0.125,1
71185,379,1.7678464095039423e-05,1
71186,379,8.839232047519711e-05,5
71187,379,7.071385638015769e-05,4
71188,379,7.071385638015769e-05,4
71189,379,1.7678464095039423e-05,1
71191,379,1.7678464095039423e-05,1
71192,11347,0.07272727272727272,4
71193,379,1.7678464095039423e-05,1
71358,379,1.7678464095039423e-05,1
71359,379,1.7678464095039423e-05,1
71360,379,1.7678464095039423e-05,1
71361,1762,0.001443001443001443,1
71362,379,1.7678464095039423e-05,1
71363,2083,0.017456359102244388,14
71364,379,3.5356928190078845e-05,2
71365,8946,0.00936768149882904,4
71366,379,3.5356928190078845e-05,2
71367,379,3.5356928190078845e-05,2
71368,379,1.7678464095039423e-05,1
71369,379,5.303539228511827e-05,3
71370,379,1.7678464095039423e-05,1
71371,379,5.303539228511827e-05,3
71372,379,1.7678464095039423e-05,1
71373,379,1.7678464095039423e-05,1
71374,379,1.7678464095039423e-05,1
71375,379,1.7678464095039423e-05,1
71376,379,1.7678464095039423e-05,1
71377,379,1.7678464095039423e-05,1
71378,393,0.0007342143906020558,2
71379,9942,0.01020408163265306,1
71380,379,3.5356928190078845e-05,2
71381,379,3.5356928190078845e-05,2
71559,379,3.5356928190078845e-05,2
71560,379,3.5356928190078845e-05,2
71561,16947,0.014084507042253521,1
71562,379,3.5356928190078845e-05,2
71563,379,1.7678464095039423e-05,1
71564,397,0.0016474464579901153,4
71565,379,1.7678464095039423e-05,1
71566,85970,0.03125,1
71567,379,5.303539228511827e-05,3
71568,379,1.7678464095039423e-05,1
71569,379,0.00010607078457023654,6
71570,387,0.0015428130624839291,6
71571,379,5.303539228511827e-05,3
71572,393,0.0022026431718061676,6
71573,379,5.303539228511827e-05,3
71574,379,3.5356928190078845e-05,2
71575,379,1.7678464095039423e-05,1
71758,2742,0.008264462809917356,5
71759,379,1.7678464095039423e-05,1
71760,379,1.7678464095039423e-05,1
71761,6744,0.008896797153024912,5
71762,379,1.7678464095039423e-05,1
71763,379,1.7678464095039423e-05,1
71764,2105,0.0017667844522968198,1
71765,379,1.7678464095039423e-05,1
71766,379,1.7678464095039423e-05,1
71767,379,1.7678464095039423e-05,1
71768,379,3.5356928190078845e-05,2
71769,12742,0.004830917874396135,1
71770,379,1.7678464095039423e-05,1
71771,379,5.303539228511827e-05,3
71772,379,3.5356928190078845e-05,2
71773,379,8.839232047519711e-05,5
71774,41157,0.02586206896551724,3
71777,379,1.7678464095039423e-05,1
71958,2042,0.002881844380403458,1
71959,2042,0.002881844380403458,1
71960,379,8.839232047519711e-05,5
71961,397,0.0012355848434925864,3
71962,71962,1.0,5
71962,99764,0.05263157894736842,1
71963,379,8.839232047519711e-05,5
71964,379,5.303539228511827e-05,3
71965,379,3.5356928190078845e-05,2
71966,379,1.7678464095039423e-05,1
71967,379,3.5356928190078845e-05,2
71968,3943,0.0031446540880503146,1
71969,10942,0.03488372093023256,3
71970,379,0.00010607078457023654,6
71971,379,1.7678464095039423e-05,1
71972,379,1.7678464095039423e-05,1
71973,397,0.00041186161449752884,1
72158,379,0.00017678464095039422,10
72159,379,1.7678464095039423e-05,1
72160,3742,0.0023094688221709007,1
72161,379,5.303539228511827e-05,3
72162,379,3.5356928190078845e-05,2
72163,379,5.303539228511827e-05,3
72164,379,0.00010607078457023654,6
72165,381,0.00015267175572519084,1
72166,379,1.7678464095039423e-05,1
72167,383,0.0002746121103940684,2
72168,379,5.303539228511827e-05,3
72169,379,1.7678464095039423e-05,1
72170,391,0.0015220700152207,5
72171,379,3.5356928190078845e-05,2
72172,379,3.5356928190078845e-05,2
72173,379,8.839232047519711e-05,5
72174,1862,0.0008216926869350862,1
72175,2142,0.005460750853242321,8
72182,379,1.7678464095039423e-05,1
72183,379,3.5356928190078845e-05,2
72184,8143,0.0030959752321981426,2
72185,379,3.5356928190078845e-05,2
72186,379,1.7678464095039423e-05,1
72187,5742,0.0021321961620469083,1
72188,379,1.7678464095039423e-05,1
72189,383,0.0019222847727584787,14
72190,393,0.0014684287812041115,4
72191,47357,0.06666666666666667,3
72192,379,5.303539228511827e-05,3
72193,41957,0.05,1
72194,379,1.7678464095039423e-05,1
72195,379,1.7678464095039423e-05,1
72358,379,1.7678464095039423e-05,1
72359,379,1.7678464095039423e-05,1
72558,379,1.7678464095039423e-05,1
72559,379,1.7678464095039423e-05,1
72560,379,1.7678464095039423e-05,1
72561,379,1.7678464095039423e-05,1
72564,109167,0.16666666666666666,1
72565,379,1.7678464095039423e-05,1
72566,379,3.5356928190078845e-05,2
72567,379,5.303539228511827e-05,3
72568,384,0.0003534817956875221,2
72758,379,1.7678464095039423e-05,1
72759,379,1.7678464095039423e-05,1
72760,379,5.303539228511827e-05,3
72761,379,3.5356928190078845e-05,2
72959,116763,0.07692307692307693,1
72960,379,3.5356928190078845e-05,2
72961,379,1.7678464095039423e-05,1
72962,383,0.0001373060551970342,1
72963,388,0.003325272067714631,11
72964,379,1.7678464095039423e-05,1
73158,3944,0.0008688097306689834,1
73160,69562,0.10526315789473684,2
73161,379,1.7678464095039423e-05,1
73162,379,3.5356928190078845e-05,2
73163,383,0.0019222847727584787,14
73164,1922,0.02564102564102564,15
73165,2743,0.004095004095004095,5
73358,8342,0.021164021164021163,4
73359,379,1.7678464095039423e-05,1
73360,379,1.7678464095039423e-05,1
73361,87766,0.09090909090909091,1
73362,379,8.839232047519711e-05,5
73558,89162,0.041666666666666664,1
73559,379,3.5356928190078845e-05,2
73560,379,1.7678464095039423e-05,1
73758,379,1.7678464095039423e-05,1
73759,379,1.7678464095039423e-05,1
73761,71366,0.058823529411764705,2
73762,379,1.7678464095039423e-05,1
73763,379,1.7678464095039423e-05,1
73764,379,3.5356928190078845e-05,2
73765,379,1.7678464095039423e-05,1
73766,379,1.7678464095039423e-05,1
73958,381,0.0007633587786259542,5
73959,379,1.7678464095039423e-05,1
73961,379,1.7678464095039423e-05,1
74158,379,5.303539228511827e-05,3
74159,379,8.839232047519711e-05,5
74160,379,3.5356928190078845e-05,2
74161,379,1.7678464095039423e-05,1
74162,379,1.7678464095039423e-05,1
74162,74162,1.0,1
74163,379,3.5356928190078845e-05,2
74164,387,0.004885574697865775,19
74358,379,1.7678464095039423e-05,1
74359,379,7.071385638015769e-05,4
74360,379,8.839232047519711e-05,5
74361,379,8.839232047519711e-05,5
74362,84768,0.2,1
74363,399,0.0013767783386874712,3
74363,74363,1.0,5
74364,379,5.303539228511827e-05,3
74365,379,1.7678464095039423e-05,1
74558,379,0.00010607078457023654,6
74559,379,8.839232047519711e-05,5
74560,71376,0.043478260869565216,2
74563,379,1.7678464095039423e-05,1
74963,1702,0.0009643201542912247,1
74964,379,1.7678464095039423e-05,1
74965,379,1.7678464095039423e-05,1
74966,397,0.0032948929159802307,8
74967,379,1.7678464095039423e-05,1
74968,123170,0.3333333333333333,1
75163,1902,0.0008865248226950354,1
75164,379,1.7678464095039423e-05,1
75165,380,0.0007327541086569664,7
75361,391,0.0009132420091324201,3
75561,7742,0.0029498525073746312,1
75761,379,5.303539228511827e-05,3
75961,379,7.071385638015769e-05,4
75962,379,8.839232047519711e-05,5
75963,72164,0.02564102564102564,1
75964,379,7.071385638015769e-05,4
75965,101163,0.2,1
75966,379,3.5356928190078845e-05,2
75967,379,3.5356928190078845e-05,2
75968,379,3.5356928190078845e-05,2
75969,79363,0.125,1
75970,387,0.004114168166623811,16
75971,379,1.7678464095039423e-05,1
75972,388,0.0003022974607013301,1
75973,379,3.5356928190078845e-05,2
75974,379,5.303539228511827e-05,3
75975,379,3.5356928190078845e-05,2
75976,396,0.0017219113215669393,4
75977,379,3.5356928190078845e-05,2
75978,379,1.7678464095039423e-05,1
75979,2142,0.0020477815699658703,3
75980,76181,0.09090909090909091,1
75981,379,1.7678464095039423e-05,1
75982,383,0.002196896883152547,16
75983,383,0.0009611423863792394,7
75984,91366,0.08333333333333333,1
75985,383,0.0012357544967733078,9
75986,379,5.303539228511827e-05,3
75987,384,0.0012371862849063274,7
76161,379,1.7678464095039423e-05,1
76162,379,1.7678464095039423e-05,1
76163,391,0.0009132420091324201,3
76164,393,0.0025697503671071953,7
76165,379,1.7678464095039423e-05,1
76166,381,0.0003053435114503817,2
76167,72192,0.07692307692307693,2
76168,379,5.303539228511827e-05,3
76169,379,8.839232047519711e-05,5
76170,1962,0.0070921985815602835,6
76171,6747,0.0045871559633027525,3
76172,2142,0.0034129692832764505,5
76173,379,1.7678464095039423e-05,1
76174,379,3.5356928190078845e-05,2
76175,379,7.071385638015769e-05,4
76176,379,1.7678464095039423e-05,1
76177,379,1.7678464095039423e-05,1
76178,395,0.0005353319057815846,1
76179,14742,0.0064516129032258064,1
76180,379,1.7678464095039423e-05,1
76181,379,5.303539228511827e-05,3
76182,13943,0.00980392156862745,5
76183,379,3.5356928190078845e-05,2
76184,384,0.00017674089784376105,1
76185,2143,0.008438818565400843,10
76186,379,3.5356928190078845e-05,2
76187,379,1.7678464095039423e-05,1
76188,379,1.7678464095039423e-05,1
76189,379,3.5356928190078845e-05,2
76190,394,0.001344688480502017,3
76361,397,0.002471169686985173,6
76362,381,0.000916030534351145,6
76363,1882,0.0009813542688910696,1
76364,379,3.5356928190078845e-05,2
76366,1882,0.001962708537782139,2
76367,379,5.303539228511827e-05,3
76368,379,3.5356928190078845e-05,2
76369,379,5.303539228511827e-05,3
76370,379,1.7678464095039423e-05,1
76371,379,3.5356928190078845e-05,2
76372,379,8.839232047519711e-05,5
76373,379,3.5356928190078845e-05,2
76374,393,0.0014684287812041115,4
76375,379,3.5356928190078845e-05,2
76376,381,0.0003053435114503817,2
76377,379,3.5356928190078845e-05,2
76378,125963,0.037037037037037035,1
76379,399,0.002294630564479119,5
76381,2342,0.006211180124223602,1
76382,379,1.7678464095039423e-05,1
76383,379,1.7678464095039423e-05,1
76384,379,5.303539228511827e-05,3
76385,379,3.5356928190078845e-05,2
76386,396,0.0017219113215669393,4
76387,379,1.7678464095039423e-05,1
76388,380,0.0009421124254160996,9
76389,70200,0.0625,1
76390,379,1.7678464095039423e-05,1
76391,74965,0.09090909090909091,1
76392,379,7.071385638015769e-05,4
76561,379,1.7678464095039423e-05,1
76562,379,1.7678464095039423e-05,1
76563,379,1.7678464095039423e-05,1
76564,379,7.071385638015769e-05,4
76565,2145,0.0026246719160104987,3
76566,2082,0.0014204545454545455,1
76567,379,5.303539228511827e-05,3
76568,379,1.7678464095039423e-05,1
76761,379,3.5356928190078845e-05,2
76961,379,1.7678464095039423e-05,1
76962,379,5.303539228511827e-05,3
77161,379,3.5356928190078845e-05,2
77162,379,0.00012374924866527596,7
77163,379,1.7678464095039423e-05,1
77362,381,0.0003053435114503817,2
77363,379,3.5356928190078845e-05,2
77364,395,0.0005353319057815846,1
77365,11144,0.011111111111111112,3
77366,379,1.7678464095039423e-05,1
77561,70209,0.06666666666666667,1
77562,379,1.7678464095039423e-05,1
77563,70159,0.02631578947368421,1
77564,379,7.071385638015769e-05,4
77565,379,5.303539228511827e-05,3
77566,397,0.00041186161449752884,1
77567,384,0.0008837044892188052,5
77568,72169,0.05263157894736842,1
77569,379,1.7678464095039423e-05,1
77570,97968,0.07142857142857142,1
77571,379,1.7678464095039423e-05,1
77572,379,1.7678464095039423e-05,1
77761,379,1.7678464095039423e-05,1
77762,379,1.7678464095039423e-05,1
77763,89162,0.041666666666666664,1
77764,379,1.7678464095039423e-05,1
77765,121766,0.09090909090909091,1
77766,6744,0.005338078291814947,3
77767,2743,0.002457002457002457,3
77768,379,3.5356928190078845e-05,2
77769,387,0.00025713551041398817,1
77772,37357,0.016129032258064516,1
77773,379,3.5356928190078845e-05,2
77963,379,3.5356928190078845e-05,2
77964,379,1.7678464095039423e-05,1
77965,388,0.0006045949214026602,2
78161,379,8.839232047519711e-05,5
78361,379,1.7678464095039423e-05,1
78362,379,1.7678464095039423e-05,1
78368,379,1.7678464095039423e-05,1
78567,379,5.303539228511827e-05,3
78568,380,0.00010467915837956663,1
78569,379,5.303539228511827e-05,3
78570,394,0.00044822949350067237,1
78761,379,1.7678464095039423e-05,1
78962,379,3.5356928190078845e-05,2
78963,379,1.7678464095039423e-05,1
78964,379,3.5356928190078845e-05,2
78965,379,1.7678464095039423e-05,1
78966,379,5.303539228511827e-05,3
78967,379,1.7678464095039423e-05,1
79161,379,8.839232047519711e-05,5
79162,379,1.7678464095039423e-05,1
79163,75974,0.043478260869565216,1
79361,379,1.7678464095039423e-05,1
79362,379,3.5356928190078845e-05,2
79363,379,3.5356928190078845e-05,2
79364,379,7.071385638015769e-05,4
79564,379,5.303539228511827e-05,3
79961,379,3.5356928190078845e-05,2
79962,379,3.5356928190078845e-05,2
79963,379,3.5356928190078845e-05,2
79964,379,1.7678464095039423e-05,1
79965,379,1.7678464095039423e-05,1
79966,393,0.0014684287812041115,4
79967,379,1.7678464095039423e-05,1
79968,379,3.5356928190078845e-05,2
79969,27554,0.012658227848101266,1
79970,379,1.7678464095039423e-05,1
79977,379,1.7678464095039423e-05,1
80161,379,5.303539228511827e-05,3
80162,379,1.7678464095039423e-05,1
80163,379,1.7678464095039423e-05,1
80164,379,8.839232047519711e-05,5
80165,379,1.7678464095039423e-05,1
80166,379,3.5356928190078845e-05,2
80167,19748,0.023809523809523808,1
80167,80167,1.0,3
80168,69768,0.06666666666666667,1
80169,5742,0.008528784648187633,4
80170,379,3.5356928190078845e-05,2
80171,5743,0.005319148936170213,1
80361,379,1.7678464095039423e-05,1
80362,379,1.7678464095039423e-05,1
80561,1842,0.0038580246913580245,5
80562,84969,0.14285714285714285,4
80563,379,8.839232047519711e-05,5
80564,2944,0.00477326968973747,2
80565,379,1.7678464095039423e-05,1
80761,2022,0.00234192037470726,1
80762,379,1.7678464095039423e-05,1
80763,379,7.071385638015769e-05,4
80764,379,1.7678464095039423e-05,1
80765,383,0.0002746121103940684,2
80766,379,1.7678464095039423e-05,1
80961,70188,0.03571428571428571,2
81161,15945,0.014598540145985401,2
81162,379,1.7678464095039423e-05,1
81163,2063,0.0071090047393364926,6
81361,379,1.7678464095039423e-05,1
81362,379,7.071385638015769e-05,4
81561,379,3.5356928190078845e-05,2
81562,90367,0.05263157894736842,1
81563,395,0.0010706638115631692,2
81564,53559,0.09523809523809523,2
81565,379,1.7678464095039423e-05,1
81761,379,3.5356928190078845e-05,2
81762,383,0.0010984484415762735,8
81763,70393,0.1,1
81764,1762,0.001443001443001443,1
81765,80170,0.05555555555555555,1
81766,379,1.7678464095039423e-05,1
81767,379,1.7678464095039423e-05,1
81961,388,0.0006045949214026602,2
81962,9951,0.009202453987730062,3
81963,379,1.7678464095039423e-05,1
81964,379,7.071385638015769e-05,4
81965,379,1.7678464095039423e-05,1
81966,379,1.7678464095039423e-05,1
81967,379,3.5356928190078845e-05,2
81968,2744,0.010526315789473684,1
81969,379,1.7678464095039423e-05,1
81970,2142,0.0020477815699658703,3
81971,116763,0.07692307692307693,1
81972,5742,0.006396588486140725,3
81973,379,1.7678464095039423e-05,1
81974,1782,0.0010976948408342481,1
82161,388,0.0006045949214026602,2
82162,382,0.0014522218995062445,10
82163,1882,0.0009813542688910696,1
82361,379,3.5356928190078845e-05,2
82362,379,8.839232047519711e-05,5
82562,4144,0.0015748031496062992,1
82563,379,1.7678464095039423e-05,1
82564,53158,0.0392156862745098,2
82765,71364,0.041666666666666664,1
82766,8144,0.0017761989342806395,1
82767,379,1.7678464095039423e-05,1
82768,383,0.0008238363311822051,6
82961,5542,0.001876172607879925,1
82962,379,0.00010607078457023654,6
82963,379,7.071385638015769e-05,4
82965,379,0.00010607078457023654,6
83161,379,3.5356928190078845e-05,2
83162,393,0.0007342143906020558,2
83163,379,5.303539228511827e-05,3
83561,379,1.7678464095039423e-05,1
83562,379,1.7678464095039423e-05,1
83563,379,0.00014142771276031538,8
83564,379,1.7678464095039423e-05,1
83565,379,1.7678464095039423e-05,1
83566,379,3.5356928190078845e-05,2
83568,379,0.0001591061768553548,9
83761,379,1.7678464095039423e-05,1
83762,71186,0.0196078431372549,1
83763,383,0.0019222847727584787,14
83764,379,5.303539228511827e-05,3
83765,379,1.7678464095039423e-05,1
83766,381,0.0003053435114503817,2
83961,379,5.303539228511827e-05,3
83962,379,1.7678464095039423e-05,1
84361,379,3.5356928190078845e-05,2
84362,379,1.7678464095039423e-05,1
84562,8344,0.00267379679144385,1
84761,78361,0.15384615384615385,2
84762,10744,0.012345679012345678,1
84763,76563,0.06666666666666667,1
84764,379,1.7678464095039423e-05,1
84765,379,0.00021214156914047309,12
84766,17146,0.016666666666666666,1
84766,60562,0.009523809523809525,1
84767,379,7.071385638015769e-05,4
84768,379,1.7678464095039423e-05,1
84769,2142,0.004095563139931741,6
84770,71573,0.0392156862745098,2
84771,379,1.7678464095039423e-05,1
84772,379,8.839232047519711e-05,5
84773,2743,0.001638001638001638,2
84774,379,1.7678464095039423e-05,1
84775,9951,0.012269938650306749,4
84776,379,7.071385638015769e-05,4
84961,379,0.00012374924866527596,7
84962,379,8.839232047519711e-05,5
84964,8144,0.003552397868561279,2
84965,383,0.00041191816559110257,3
84966,388,0.004534461910519952,15
84967,22742,0.015151515151515152,2
84968,391,0.0018264840182648401,6
84969,379,3.5356928190078845e-05,2
84971,2084,0.0006402048655569782,1
85161,1842,0.0023148148148148147,3
85162,387,0.0010285420416559527,4
85163,379,3.5356928190078845e-05,2
85164,379,7.071385638015769e-05,4
85165,5742,0.006396588486140725,3
85361,395,0.0010706638115631692,2
85362,384,0.0005302226935312832,3
85363,11348,0.005025125628140704,1
85364,63558,0.02564102564102564,1
85365,1762,0.001443001443001443,1
85366,379,1.7678464095039423e-05,1
85367,379,1.7678464095039423e-05,1
85561,379,3.5356928190078845e-05,2
85761,395,0.0005353319057815846,1
85762,34558,0.022727272727272728,1
85763,379,7.071385638015769e-05,4
85764,379,0.00014142771276031538,8
85765,2063,0.002369668246445498,2
85766,388,0.0024183796856106408,8
85767,379,3.5356928190078845e-05,2
85768,1742,0.0008620689655172414,1
85769,379,1.7678464095039423e-05,1
85770,379,3.5356928190078845e-05,2
85771,16554,0.05263157894736842,2
85772,379,3.5356928190078845e-05,2
85773,2743,0.004914004914004914,6
85774,379,3.5356928190078845e-05,2
85775,76563,0.13333333333333333,2
85776,379,3.5356928190078845e-05,2
85777,379,8.839232047519711e-05,5
85778,379,1.7678464095039423e-05,1
85779,9146,0.0070921985815602835,1
85780,388,0.0018137847642079807,6
85781,391,0.0012176560121765602,4
85782,379,1.7678464095039423e-05,1
85786,4342,0.00141643059490085,1
85787,6744,0.008896797153024912,5
85788,379,1.7678464095039423e-05,1
85789,1882,0.0009813542688910696,1
85790,379,5.303539228511827e-05,3
85791,379,3.5356928190078845e-05,2
85792,388,0.002116082224909311,7
85962,13943,0.00784313725490196,4
85963,50559,0.0967741935483871,3
85964,379,5.303539228511827e-05,3
85965,379,1.7678464095039423e-05,1
85966,388,0.003022974607013301,10
85967,7943,0.003703703703703704,1
85968,379,3.5356928190078845e-05,2
85969,379,1.7678464095039423e-05,1
85970,379,5.303539228511827e-05,3
85971,379,1.7678464095039423e-05,1
85972,379,3.5356928190078845e-05,2
85973,379,1.7678464095039423e-05,1
85974,1842,0.0007716049382716049,1
85979,379,1.7678464095039423e-05,1
85980,11544,0.004291845493562232,1
86162,3943,0.0031446540880503146,1
86164,7145,0.006622516556291391,1
86165,379,7.071385638015769e-05,4
86166,11544,0.004291845493562232,1
86167,381,0.0006106870229007634,4
86168,379,1.7678464095039423e-05,1
86169,379,3.5356928190078845e-05,2
86170,384,0.0005302226935312832,3
86172,379,0.00010607078457023654,6
86173,379,1.7678464095039423e-05,1
86174,379,1.7678464095039423e-05,1
86175,34156,0.0049504950495049506,1
86176,379,1.7678464095039423e-05,1
86177,379,1.7678464095039423e-05,1
86190,379,1.7678464095039423e-05,1
86191,383,0.0001373060551970342,1
86192,76183,0.02857142857142857,1
86193,379,1.7678464095039423e-05,1
86194,379,1.7678464095039423e-05,1
86195,379,1.7678464095039423e-05,1
86196,12548,0.0068143100511073255,4
86197,379,3.5356928190078845e-05,2
86362,379,1.7678464095039423e-05,1
86363,379,1.7678464095039423e-05,1
86364,381,0.0012213740458015267,8
86365,379,1.7678464095039423e-05,1
86366,4143,0.0015625,1
86371,94566,0.08333333333333333,1
86562,85790,0.05714285714285714,2
86563,84962,0.025974025974025976,2
86564,381,0.0025954198473282443,17
86565,383,0.0012357544967733078,9
86566,391,0.0009132420091324201,3
86567,85776,0.1111111111111111,1
86568,388,0.0015114873035066505,5
86569,379,1.7678464095039423e-05,1
86762,379,8.839232047519711e-05,5
86763,379,5.303539228511827e-05,3
86962,11343,0.030303030303030304,2
86963,380,0.00010467915837956663,1
86964,379,1.7678464095039423e-05,1
86965,379,1.7678464095039423e-05,1
86966,42958,0.014492753623188406,1
86967,399,0.002294630564479119,5
86968,29952,0.047619047619047616,2
86969,379,5.303539228511827e-05,3
86970,85767,0.034482758620689655,1
86971,379,1.7678464095039423e-05,1
86972,379,3.5356928190078845e-05,2
87162,399,0.0032124827902707664,7
87163,383,0.0005492242207881368,4
87164,379,1.7678464095039423e-05,1
87165,379,1.7678464095039423e-05,1
87166,384,0.0012371862849063274,7
87167,379,1.7678464095039423e-05,1
87362,41556,0.0111731843575419,2
87363,14761,0.014084507042253521,1
87364,383,0.0010984484415762735,8
87365,5742,0.0021321961620469083,1
87562,397,0.0008237232289950577,2
87563,5742,0.019189765458422176,9
87564,379,3.5356928190078845e-05,2
87565,379,1.7678464095039423e-05,1
87566,390,0.0003746721618583739,1
87567,6342,0.00644468313641246,6
87568,379,1.7678464095039423e-05,1
87569,379,1.7678464095039423e-05,1
87570,379,1.7678464095039423e-05,1
87762,379,1.7678464095039423e-05,1
87763,85791,0.16666666666666666,2
87764,379,1.7678464095039423e-05,1
87765,379,1.7678464095039423e-05,1
87766,379,1.7678464095039423e-05,1
87767,383,0.00041191816559110257,3
87768,379,3.5356928190078845e-05,2
87769,59361,0.030303030303030304,2
87770,379,1.7678464095039423e-05,1
87772,1762,0.001443001443001443,1
87962,85767,0.034482758620689655,1
87963,16550,0.005050505050505051,1
87964,379,7.071385638015769e-05,4
87965,91366,0.08333333333333333,1
87966,85770,0.15384615384615385,2
87967,379,1.7678464095039423e-05,1
87968,388,0.0009068923821039903,3
88162,379,3.5356928190078845e-05,2
88163,69582,0.0375,3
88164,1962,0.001182033096926714,1
88165,16751,0.008064516129032258,1
88166,379,1.7678464095039423e-05,1
88167,379,1.7678464095039423e-05,1
88168,379,3.5356928190078845e-05,2
88362,5742,0.010660980810234541,5
88363,5742,0.0021321961620469083,1
88562,396,0.00043047783039173483,1
88762,391,0.0006088280060882801,2
88763,393,0.0014684287812041115,4
88962,379,3.5356928190078845e-05,2
88963,380,0.00010467915837956663,1
88964,2744,0.010526315789473684,1
88965,379,1.7678464095039423e-05,1
89162,379,5.303539228511827e-05,3
89163,379,7.071385638015769e-05,4
89164,379,1.7678464095039423e-05,1
89166,399,0.0036714089031665903,8
89362,9951,0.003067484662576687,1
89363,379,3.5356928190078845e-05,2
89364,379,1.7678464095039423e-05,1
89562,379,1.7678464095039423e-05,1
89564,379,1.7678464095039423e-05,1
89565,8345,0.008264462809917356,3
89566,379,3.5356928190078845e-05,2
89762,5742,0.0042643923240938165,2
89763,379,1.7678464095039423e-05,1
89764,89162,0.125,3
89765,76377,0.03571428571428571,1
89962,379,1.7678464095039423e-05,1
89963,388,0.0012091898428053204,4
90363,379,3.5356928190078845e-05,2
90364,8947,0.0026845637583892616,2
90365,379,5.303539228511827e-05,3
90366,381,0.0004580152671755725,3
90367,379,7.071385638015769e-05,4
90562,379,1.7678464095039423e-05,1
90762,71186,0.0196078431372549,1
90764,379,3.5356928190078845e-05,2
90765,379,1.7678464095039423e-05,1
90766,83568,0.037037037037037035,1
90767,24753,0.00980392156862745,1
90768,383,0.00041191816559110257,3
90963,5345,0.005208333333333333,1
90964,379,1.7678464095039423e-05,1
90965,388,0.003022974607013301,10
90966,379,1.7678464095039423e-05,1
90967,379,1.7678464095039423e-05,1
91163,383,0.000686530275985171,5
91164,379,1.7678464095039423e-05,1
91363,386,0.0013309671694764862,6
91364,379,1.7678464095039423e-05,1
91365,381,0.0004580152671755725,3
91366,379,3.5356928190078845e-05,2
91563,383,0.00041191816559110257,3
91564,22947,0.008849557522123894,1
91565,104764,0.09090909090909091,1
91566,379,1.7678464095039423e-05,1
91763,379,1.7678464095039423e-05,1
91764,11347,0.01818181818181818,1
91765,71960,0.01818181818181818,1
91766,4542,0.012145748987854251,6
91963,379,3.5356928190078845e-05,2
91964,2944,0.002386634844868735,1
91965,379,3.5356928190078845e-05,2
92763,8947,0.0174496644295302,13
92764,70373,0.1,1
92765,379,1.7678464095039423e-05,1
92963,379,3.5356928190078845e-05,2
92964,2102,0.007900677200902935,7
92965,11343,0.015151515151515152,1
92966,379,3.5356928190078845e-05,2
92967,379,1.7678464095039423e-05,1
92968,379,1.7678464095039423e-05,1
92969,379,3.5356928190078845e-05,2
92971,391,0.0012176560121765602,4
92972,384,0.0012371862849063274,7
92973,382,0.00014522218995062446,1
92974,69822,0.04,1
92975,70174,0.045454545454545456,1
92976,1902,0.0008865248226950354,1
92977,380,0.0011514707421752329,11
92978,379,3.5356928190078845e-05,2
92979,379,1.7678464095039423e-05,1
92980,379,1.7678464095039423e-05,1
92981,379,1.7678464095039423e-05,1
93163,2142,0.0006825938566552901,1
93164,379,1.7678464095039423e-05,1
93165,384,0.0005302226935312832,3
93166,397,0.0012355848434925864,3
93167,379,1.7678464095039423e-05,1
93168,2943,0.002531645569620253,1
93169,379,1.7678464095039423e-05,1
93170,81964,0.05,1
93171,379,1.7678464095039423e-05,1
93172,51558,0.1,1
93173,379,3.5356928190078845e-05,2
93174,6144,0.004618937644341801,4
93175,388,0.0003022974607013301,1
93363,379,3.5356928190078845e-05,2
93364,79162,0.1111111111111111,1
93366,5542,0.0075046904315197,4
93367,388,0.007557436517533253,25
93368,5742,0.010660980810234541,5
93564,379,1.7678464095039423e-05,1
93565,379,1.7678464095039423e-05,1
93566,379,7.071385638015769e-05,4
93567,10542,0.0051813471502590676,2
93568,14542,0.005376344086021506,1
93568,93568,1.0,2
93569,36756,0.045454545454545456,3
93570,69848,0.06896551724137931,2
93571,83961,0.0410958904109589,3
93572,383,0.0009611423863792394,7
93573,385,0.00017032873445750298,1
93763,383,0.0009611423863792394,7
93764,379,1.7678464095039423e-05,1
93765,379,1.7678464095039423e-05,1
94163,379,3.5356928190078845e-05,2
94164,379,1.7678464095039423e-05,1
94363,379,1.7678464095039423e-05,1
94364,379,1.7678464095039423e-05,1
94564,387,0.0012856775520699408,5
94565,379,1.7678464095039423e-05,1
94566,379,1.7678464095039423e-05,1
94763,379,1.7678464095039423e-05,1
94764,379,7.071385638015769e-05,4
94765,379,1.7678464095039423e-05,1
94766,379,3.5356928190078845e-05,2
94963,46957,0.011764705882352941,1
94964,391,0.0006088280060882801,2
95163,379,3.5356928190078845e-05,2
95164,379,3.5356928190078845e-05,2
95165,393,0.0025697503671071953,7
95167,86566,0.043478260869565216,1
95168,379,5.303539228511827e-05,3
95364,384,0.0007069635913750442,4
95564,379,5.303539228511827e-05,3
95565,379,1.7678464095039423e-05,1
95567,6747,0.0015290519877675841,1
95568,379,5.303539228511827e-05,3
95569,379,3.5356928190078845e-05,2
95763,107966,0.09090909090909091,1
95963,395,0.0005353319057815846,1
96163,391,0.0033485540334855404,11
96164,2142,0.0013651877133105802,2
96165,91366,0.08333333333333333,1
96166,379,1.7678464095039423e-05,1
96167,379,1.7678464095039423e-05,1
96169,393,0.0025697503671071953,7
96170,16750,0.02564102564102564,1
96171,36559,0.010638297872340425,1
96422,379,1.7678464095039423e-05,1
96423,16556,0.010101010101010102,1
96424,69960,0.03571428571428571,1
96563,66162,0.0625,1
96564,4342,0.0028328611898017,2
96764,379,1.7678464095039423e-05,1
96765,14760,0.0033783783783783786,1
96766,4342,0.0056657223796034,4
96767,8145,0.010256410256410256,2
96964,379,1.7678464095039423e-05,1
97164,388,0.0009068923821039903,3
97165,10343,0.0038461538461538464,1
97166,396,0.00043047783039173483,1
97167,19751,0.0425531914893617,2
97168,1922,0.0017094017094017094,1
97170,379,1.7678464095039423e-05,1
97364,379,1.7678464095039423e-05,1
97365,7743,0.0035842293906810036,1
97366,379,1.7678464095039423e-05,1
97563,86969,0.1111111111111111,1
97564,379,1.7678464095039423e-05,1
97565,391,0.0033485540334855404,11
97566,74563,0.16666666666666666,1
97567,379,1.7678464095039423e-05,1
97568,381,0.0007633587786259542,5
97569,92966,0.14285714285714285,1
97570,381,0.0012213740458015267,8
97571,122564,0.07692307692307693,1
97763,379,5.303539228511827e-05,3
97764,379,1.7678464095039423e-05,1
97963,1882,0.0009813542688910696,1
97964,379,3.5356928190078845e-05,2
97965,4742,0.00196078431372549,1
97967,2104,0.009472259810554804,7
97968,379,5.303539228511827e-05,3
98363,381,0.00015267175572519084,1
98364,6742,0.010802469135802469,7
98563,9342,0.00975609756097561,6
98564,113763,0.1,1
98565,1982,0.004032258064516129,3
98763,379,1.7678464095039423e-05,1
98764,396,0.00043047783039173483,1
98765,2145,0.003499562554680665,4
98963,379,1.7678464095039423e-05,1
98964,8345,0.0027548209366391185,1
99163,15544,0.009433962264150943,2
99164,379,7.071385638015769e-05,4
99363,383,0.00041191816559110257,3
99563,379,1.7678464095039423e-05,1
99564,16947,0.07042253521126761,5
99763,8144,0.014209591474245116,8
99764,379,3.5356928190078845e-05,2
99765,391,0.0006088280060882801,2
99963,379,1.7678464095039423e-05,1
100163,379,3.5356928190078845e-05,2
100164,379,1.7678464095039423e-05,1
100165,21342,0.007352941176470588,1
100363,379,5.303539228511827e-05,3
100364,379,5.303539228511827e-05,3
100365,4942,0.0016129032258064516,1
100366,399,0.0018357044515832951,4
100367,379,1.7678464095039423e-05,1
100368,379,1.7678464095039423e-05,1
100369,2142,0.0006825938566552901,1
100563,2142,0.005460750853242321,8
100566,379,1.7678464095039423e-05,1
100567,8543,0.0066555740432612314,4
100763,1722,0.0030864197530864196,1
100963,379,1.7678464095039423e-05,1
100964,393,0.0007342143906020558,2
100965,379,3.5356928190078845e-05,2
100966,379,7.071385638015769e-05,4
101163,379,1.7678464095039423e-05,1
101563,379,1.7678464095039423e-05,1
101763,10947,0.004784688995215311,1
101963,388,0.0006045949214026602,2
101964,379,1.7678464095039423e-05,1
101965,13743,0.012048192771084338,1
101966,379,1.7678464095039423e-05,1
102363,388,0.0009068923821039903,3
103163,394,0.0008964589870013447,2
103164,379,7.071385638015769e-05,4
103165,1962,0.002364066193853428,2
103363,69758,0.03125,1
103364,65958,0.014084507042253521,2
103365,2102,0.002257336343115124,2
103563,2145,0.0026246719160104987,3
103763,13746,0.010752688172043012,1
103764,379,3.5356928190078845e-05,2
103765,379,3.5356928190078845e-05,2
103963,379,1.7678464095039423e-05,1
104163,379,3.5356928190078845e-05,2
104363,379,3.5356928190078845e-05,2
104364,379,1.7678464095039423e-05,1
104365,6144,0.008083140877598153,7
104366,379,1.7678464095039423e-05,1
104563,22947,0.008849557522123894,1
104763,10542,0.0025906735751295338,1
104764,83568,0.07407407407407407,2
104963,3944,0.0017376194613379669,2
105163,379,1.7678464095039423e-05,1
105164,90967,0.1,1
105165,23351,0.011764705882352941,1
105363,383,0.0001373060551970342,1
105563,379,3.5356928190078845e-05,2
105564,32553,0.007518796992481203,1
105565,11343,0.030303030303030304,2
105565,105565,1.0,2
105763,4342,0.0028328611898017,2
105963,379,5.303539228511827e-05,3
106163,78964,0.07142857142857142,1
106363,379,3.5356928190078845e-05,2
106563,379,1.7678464095039423e-05,1
106564,4342,0.00141643059490085,1
106763,2942,0.00211864406779661,1
106764,80170,0.05555555555555555,1
106764,106764,1.0,2
106765,8142,0.001388888888888889,1
106963,69398,0.07407407407407407,2
107163,379,3.5356928190078845e-05,2
107363,385,0.00017032873445750298,1
107563,8543,0.0016638935108153079,1
107764,379,1.7678464095039423e-05,1
107764,107764,1.0,2
107765,74968,0.1,1
107766,2084,0.0012804097311139564,2
107767,379,1.7678464095039423e-05,1
107768,4742,0.011764705882352941,6
107769,379,1.7678464095039423e-05,1
107770,70178,0.029411764705882353,1
107771,88168,0.125,1
107772,67758,0.034482758620689655,1
107773,11543,0.008928571428571428,5
107963,379,1.7678464095039423e-05,1
107964,1962,0.001182033096926714,1
107965,90562,0.07692307692307693,1
107966,2142,0.0020477815699658703,3
108164,9146,0.0070921985815602835,1
108164,108164,1.0,1
108166,379,3.5356928190078845e-05,2
108364,72163,0.024390243902439025,1
108365,380,0.0005233957918978332,5
108366,379,1.7678464095039423e-05,1
108367,20943,0.007142857142857143,1
108368,81966,0.047058823529411764,4
108369,399,0.0009178522257916476,2
108564,379,1.7678464095039423e-05,1
108565,379,1.7678464095039423e-05,1
108963,13943,0.011764705882352941,6
109163,15943,0.00684931506849315,1
109164,21744,0.004830917874396135,1
109165,379,1.7678464095039423e-05,1
109166,69844,0.025,1
109167,379,1.7678464095039423e-05,1
109168,7743,0.0035842293906810036,1
109363,11147,0.036923076923076927,12
109364,379,5.303539228511827e-05,3
109365,379,3.5356928190078845e-05,2
109366,17742,0.012195121951219513,2
109367,391,0.0009132420091324201,3
109563,379,1.7678464095039423e-05,1
109564,19748,0.023809523809523808,1
109565,383,0.0002746121103940684,2
109566,3542,0.014184397163120567,8
109763,382,0.00014522218995062446,1
110563,379,1.7678464095039423e-05,1
110564,379,5.303539228511827e-05,3
110565,379,1.7678464095039423e-05,1
110566,379,7.071385638015769e-05,4
110567,2142,0.005460750853242321,8
110763,92765,0.14285714285714285,2
110764,379,1.7678464095039423e-05,1
110765,16356,0.013513513513513514,1
110765,110765,1.0,3
110766,379,3.5356928190078845e-05,2
110767,2743,0.014742014742014743,18
110963,63558,0.02564102564102564,1
110964,2022,0.00234192037470726,1
111163,379,1.7678464095039423e-05,1
112563,383,0.0008238363311822051,6
112564,21345,0.010752688172043012,1
112565,19945,0.013888888888888888,1
112566,14760,0.0033783783783783786,1
112763,379,1.7678464095039423e-05,1
112963,380,0.00010467915837956663,1
112964,46957,0.023529411764705882,2
112965,40156,0.015873015873015872,1
112966,379,1.7678464095039423e-05,1
112967,13943,0.01568627450980392,8
113163,379,1.7678464095039423e-05,1
113164,379,5.303539228511827e-05,3
113165,383,0.0005492242207881368,4
113166,379,1.7678464095039423e-05,1
113363,384,0.0003534817956875221,2
113363,113363,1.0,3
113563,379,3.5356928190078845e-05,2
113763,379,3.5356928190078845e-05,2
113963,65359,0.029411764705882353,1
113964,8144,0.003552397868561279,2
114963,15545,0.007751937984496124,1
114964,17156,0.004878048780487805,1
114965,21542,0.019230769230769232,1
114966,379,5.303539228511827e-05,3
115163,399,0.0013767783386874712,3
115363,388,0.0024183796856106408,8
115364,379,3.5356928190078845e-05,2
115365,379,5.303539228511827e-05,3
115366,379,0.00012374924866527596,7
115367,379,5.303539228511827e-05,3
115368,2103,0.00266844563042028,4
115563,17156,0.004878048780487805,1
115564,379,3.5356928190078845e-05,2
115565,8144,0.003552397868561279,2
115763,42958,0.043478260869565216,3
115764,8942,0.0018148820326678765,1
115963,71364,0.041666666666666664,1
115964,379,3.5356928190078845e-05,2
115965,71766,0.05405405405405406,2
115966,379,1.7678464095039423e-05,1
115967,2142,0.0027303754266211604,4
115968,9951,0.006134969325153374,2
115969,379,3.5356928190078845e-05,2
115970,379,1.7678464095039423e-05,1
115971,379,1.7678464095039423e-05,1
116163,77963,0.08695652173913043,2
116164,379,5.303539228511827e-05,3
116363,379,1.7678464095039423e-05,1
116365,391,0.0006088280060882801,2
116366,38361,0.03333333333333333,1
116366,116366,1.0,2
116563,2744,0.010526315789473684,1
116763,379,3.5356928190078845e-05,2
116963,379,1.7678464095039423e-05,1
117163,393,0.0003671071953010279,1
117164,1702,0.0009643201542912247,1
117164,117164,1.0,2
117363,2103,0.00266844563042028,4
117764,1842,0.0007716049382716049,1
117963,10542,0.0025906735751295338,1
117965,379,1.7678464095039423e-05,1
117966,379,1.7678464095039423e-05,1
118163,76175,0.08695652173913043,2
118164,383,0.000686530275985171,5
118165,379,5.303539228511827e-05,3
118363,69395,0.125,1
118364,1762,0.001443001443001443,1
118365,388,0.0018137847642079807,6
118366,399,0.0004589261128958238,1
118367,89163,0.058823529411764705,1
118368,3543,0.0010121457489878543,1
118563,379,1.7678464095039423e-05,1
118763,379,1.7678464095039423e-05,1
118764,383,0.0002746121103940684,2
118963,383,0.0002746121103940684,2
119163,379,5.303539228511827e-05,3
119363,8743,0.0029411764705882353,1
119563,379,3.5356928190078845e-05,2
119564,3944,0.004344048653344918,5
119565,379,5.303539228511827e-05,3
119763,53958,0.02631578947368421,2
119764,379,1.7678464095039423e-05,1
119963,379,1.7678464095039423e-05,1
119965,399,0.0013767783386874712,3
120166,383,0.0002746121103940684,2
120167,379,1.7678464095039423e-05,1
120168,1882,0.002944062806673209,3
120169,379,1.7678464095039423e-05,1
120763,2143,0.008438818565400843,10
120963,8345,0.005509641873278237,2
120964,72185,0.07692307692307693,1
120965,88167,0.045454545454545456,1
121163,379,3.5356928190078845e-05,2
121164,85764,0.015873015873015872,1
121563,379,3.5356928190078845e-05,2
121564,9952,0.0038095238095238095,2
121566,379,3.5356928190078845e-05,2
121567,1902,0.0008865248226950354,1
121568,399,0.0018357044515832951,4
121569,127568,0.125,2
121570,5542,0.01125703564727955,6
121571,381,0.0003053435114503817,2
121763,379,3.5356928190078845e-05,2
121764,44558,0.022727272727272728,1
121765,383,0.00041191816559110257,3
121766,379,1.7678464095039423e-05,1
121963,391,0.00030441400304414006,1
121964,393,0.0014684287812041115,4
122163,2022,0.00234192037470726,1
122164,383,0.0002746121103940684,2
122363,9143,0.002325581395348837,1
122364,381,0.0003053435114503817,2
122365,379,0.00019446310504543364,11
122563,129163,0.2,2
122564,379,1.7678464095039423e-05,1
122565,379,1.7678464095039423e-05,1
122566,383,0.00041191816559110257,3
122567,80164,0.07692307692307693,1
122568,379,1.7678464095039423e-05,1
122763,67159,0.038461538461538464,1
122764,379,1.7678464095039423e-05,1
122765,5542,0.00375234521575985,2
122766,8144,0.008880994671403197,5
122767,394,0.00044822949350067237,1
122768,379,1.7678464095039423e-05,1
122769,6144,0.005773672055427252,5
122963,379,1.7678464095039423e-05,1
122964,379,1.7678464095039423e-05,1
122965,6747,0.0015290519877675841,1
123163,379,3.5356928190078845e-05,2
123164,379,1.7678464095039423e-05,1
123165,379,1.7678464095039423e-05,1
123167,379,1.7678464095039423e-05,1
123168,3945,0.0029498525073746312,1
123169,395,0.0005353319057815846,1
123170,379,1.7678464095039423e-05,1
123363,4742,0.0058823529411764705,3
123563,379,7.071385638015769e-05,4
123763,36757,0.011627906976744186,1
124363,379,1.7678464095039423e-05,1
124364,381,0.0004580152671755725,3
124365,13943,0.0058823529411764705,3
124563,70188,0.017857142857142856,1
124763,379,3.5356928190078845e-05,2
124764,379,1.7678464095039423e-05,1
124963,379,1.7678464095039423e-05,1
125163,109364,0.1111111111111111,1
125164,70369,0.02702702702702703,1
125165,398,0.0004977600796416127,1
125363,6144,0.006928406466512702,6
125563,379,5.303539228511827e-05,3
125564,39756,0.02702702702702703,4
125763,379,3.5356928190078845e-05,2
125764,11544,0.004291845493562232,1
125963,379,1.7678464095039423e-05,1
126763,393,0.0003671071953010279,1
126764,379,1.7678464095039423e-05,1
126765,379,1.7678464095039423e-05,1
126766,13943,0.011764705882352941,6
126963,13943,0.00392156862745098,2
126964,379,1.7678464095039423e-05,1
126964,126964,1.0,5
126965,399,0.0009178522257916476,2
127163,78569,0.07692307692307693,1
127164,35556,0.02252252252252252,5
127165,379,8.839232047519711e-05,5
127363,379,1.7678464095039423e-05,1
127566,75361,0.04,1
127567,7942,0.011428571428571429,2
127568,379,3.5356928190078845e-05,2
127569,14343,0.01694915254237288,4
127570,4742,0.00196078431372549,1
127571,379,1.7678464095039423e-05,1
127766,8345,0.005509641873278237,2
127767,56161,0.02631578947368421,1
127768,118165,0.05263157894736842,1
127769,69776,0.04672897196261682,5
127770,379,3.5356928190078845e-05,2
127771,379,1.7678464095039423e-05,1
127772,1742,0.0008620689655172414,1
127963,81967,0.06666666666666667,2
127964,119565,0.04,1
127965,23351,0.011764705882352941,1
127966,8142,0.002777777777777778,2
127967,6744,0.0017793594306049821,1
127967,127967,1.0,5
128563,379,1.7678464095039423e-05,1
128965,2022,0.00234192037470726,1
128965,128965,1.0,3
128966,379,3.5356928190078845e-05,2
129163,379,1.7678464095039423e-05,1
129164,6743,0.005355776587605203,7
129363,379,1.7678464095039423e-05,1
129563,9955,0.0027472527472527475,1
129564,2944,0.002386634844868735,1
129565,11542,0.02527075812274368,7
129566,383,0.00041191816559110257,3
129763,71186,0.0784313725490196,4
129963,399,0.0009178522257916476,2
129964,391,0.0012176560121765602,4
129965,9146,0.0070921985815602835,1
130163,379,1.7678464095039423e-05,1
130363,85776,0.1111111111111111,1
130364,381,0.0003053435114503817,2
130565,383,0.0005492242207881368,4
130763,379,3.5356928190078845e-05,2
130964,17156,0.00975609756097561,2
131163,53358,0.020833333333333332,1
131163,131163,1.0,5
131363,379,1.7678464095039423e-05,1
131563,383,0.001510366607167376,11
131763,28154,0.019230769230769232,2
132163,69763,0.0196078431372549,1
133763,379,1.7678464095039423e-05,1
134163,15943,0.0136986301369863,2
134766,379,1.7678464095039423e-05,1
135364,381,0.00015267175572519084,1
135365,60158,0.1,1
136163,2083,0.004987531172069825,4
137163,379,1.7678464095039423e-05,1
137166,15544,0.0047169811320754715,1
137166,137166,1.0,1
138163,9542,0.0031847133757961785,1
